stockid,year,f_fmsy,f_fmsy_type,b_bmsy,areaid,mean_ffmsy
BOCACCBCW,1935,1.96908598780411,U/Umsy,1.666348175043,Canada-DFO-BCW,NA
BOCACCBCW,1936,2.13712861954404,U/Umsy,1.59373208484617,Canada-DFO-BCW,NA
BOCACCBCW,1937,2.05157937608496,U/Umsy,1.52111599464934,Canada-DFO-BCW,NA
BOCACCBCW,1938,1.90270855501365,U/Umsy,1.47143130135677,Canada-DFO-BCW,2.01512563461169
BOCACCBCW,1939,2.10152130834998,U/Umsy,1.42556850754825,Canada-DFO-BCW,2.0482344647481576
BOCACCBCW,1940,2.21929997902875,U/Umsy,1.33384291993121,Canada-DFO-BCW,2.068777304619335
BOCACCBCW,1941,2.35383082292923,U/Umsy,1.2803363271546,Canada-DFO-BCW,2.1443401663304025
BOCACCBCW,1942,2.30431381701616,U/Umsy,1.2459392317982,Canada-DFO-BCW,2.24474148183103
BOCACCBCW,1943,2.53965493253656,U/Umsy,1.20772023695777,Canada-DFO-BCW,2.354274887877675
BOCACCBCW,1944,1.52050965498028,U/Umsy,1.19625453850564,Canada-DFO-BCW,2.1795773068655575
BOCACCBCW,1945,2.37143617386137,U/Umsy,1.1580355436652,Canada-DFO-BCW,2.1839786445985925
BOCACCBCW,1946,2.19849829043626,U/Umsy,1.12746034779285,Canada-DFO-BCW,2.1575247629536176
BOCACCBCW,1947,2.29172083278692,U/Umsy,1.08159755398433,Canada-DFO-BCW,2.0955412380162075
BOCACCBCW,1948,2.15607343445636,U/Umsy,1.05866615708007,Canada-DFO-BCW,2.2544321828852274
BOCACCBCW,1949,2.57851134215309,U/Umsy,1.01662526275559,Canada-DFO-BCW,2.306200974958158
BOCACCBCW,1950,2.61787792752948,U/Umsy,1.00133766481942,Canada-DFO-BCW,2.411045884231463
BOCACCBCW,1951,2.99949278576993,U/Umsy,0.96311866997898,Canada-DFO-BCW,2.587988872477215
BOCACCBCW,1952,2.81463875443818,U/Umsy,0.944009172558762,Canada-DFO-BCW,2.75263020247267
BOCACCBCW,1953,2.16083678829145,U/Umsy,0.932543474106631,Canada-DFO-BCW,2.6482115640072603
BOCACCBCW,1954,2.08229251243532,U/Umsy,0.924899675138544,Canada-DFO-BCW,2.51431521023372
BOCACCBCW,1955,2.10843007535292,U/Umsy,0.913433976686413,Canada-DFO-BCW,2.2915495326294675
BOCACCBCW,1956,2.08890757465521,U/Umsy,0.913433976686413,Canada-DFO-BCW,2.1101167376837253
BOCACCBCW,1957,2.22184650797772,U/Umsy,0.882858780814065,Canada-DFO-BCW,2.125369167605293
BOCACCBCW,1958,2.27207955946243,U/Umsy,0.879036881330021,Canada-DFO-BCW,2.17281592936207
BOCACCBCW,1959,2.34340044249489,U/Umsy,0.852283584941716,Canada-DFO-BCW,2.2315585211475626
BOCACCBCW,1960,2.32247722425833,U/Umsy,0.852283584941716,Canada-DFO-BCW,2.289950933548343
BOCACCBCW,1961,2.49570200779824,U/Umsy,0.821708389069367,Canada-DFO-BCW,2.3584148085034724
BOCACCBCW,1962,2.57503625948173,U/Umsy,0.810242690617237,Canada-DFO-BCW,2.4341539835082977
BOCACCBCW,1963,2.5651270584994,U/Umsy,0.806420791133193,Canada-DFO-BCW,2.489585637509425
BOCACCBCW,1964,2.2997690869305,U/Umsy,0.806420791133193,Canada-DFO-BCW,2.4839086031774675
BOCACCBCW,1965,2.69185250004993,U/Umsy,0.794955092681062,Canada-DFO-BCW,2.53294622624039
BOCACCBCW,1966,4.38869681526293,U/Umsy,0.772023695776801,Canada-DFO-BCW,2.98636136518569
BOCACCBCW,1967,3.99577821461313,U/Umsy,0.718517103000191,Canada-DFO-BCW,3.3440241542141225
BOCACCBCW,1968,3.41469259410431,U/Umsy,0.684120007643799,Canada-DFO-BCW,3.622755031007575
BOCACCBCW,1969,5.09492388898342,U/Umsy,0.665010510223581,Canada-DFO-BCW,4.2235228782409475
BOCACCBCW,1970,3.24096891822379,U/Umsy,0.638257213835276,Canada-DFO-BCW,3.9365909039811626
BOCACCBCW,1971,3.0619822188068,U/Umsy,0.611503917446971,Canada-DFO-BCW,3.70314190502958
BOCACCBCW,1972,3.40403653675078,U/Umsy,0.607682017962928,Canada-DFO-BCW,3.7004778906911975
BOCACCBCW,1973,5.2529748566096,U/Umsy,0.577106822090579,Canada-DFO-BCW,3.739990632597743
BOCACCBCW,1974,5.75789158875929,U/Umsy,0.538887827250143,Canada-DFO-BCW,4.369221300231618
BOCACCBCW,1975,4.56141771899008,U/Umsy,0.512134530861838,Canada-DFO-BCW,4.744080175277437
BOCACCBCW,1976,4.55736888380547,U/Umsy,0.49302503344162,Canada-DFO-BCW,5.032413262041111
BOCACCBCW,1977,3.13228686775836,U/Umsy,0.49302503344162,Canada-DFO-BCW,4.5022412648283
BOCACCBCW,1978,2.77765529848903,U/Umsy,0.489203133957577,Canada-DFO-BCW,3.757182192260735
BOCACCBCW,1979,3.97328645059454,U/Umsy,0.489203133957577,Canada-DFO-BCW,3.6101493751618503
BOCACCBCW,1980,2.92514638338759,U/Umsy,0.496846932925664,Canada-DFO-BCW,3.2020937500573803
BOCACCBCW,1981,2.43500490733684,U/Umsy,0.489203133957577,Canada-DFO-BCW,3.027773259952
BOCACCBCW,1982,2.43948249663318,U/Umsy,0.485381234473533,Canada-DFO-BCW,2.9432300594880374
BOCACCBCW,1983,2.42042403962823,U/Umsy,0.489203133957577,Canada-DFO-BCW,2.55501445674646
BOCACCBCW,1984,2.40443212020589,U/Umsy,0.473915536021403,Canada-DFO-BCW,2.424835890951035
BOCACCBCW,1985,3.45823874124062,U/Umsy,0.454806038601185,Canada-DFO-BCW,2.6806443494269803
BOCACCBCW,1986,4.70791260068794,U/Umsy,0.424230842728836,Canada-DFO-BCW,3.2477518754406702
BOCACCBCW,1987,4.9376763657874,U/Umsy,0.393655646856488,Canada-DFO-BCW,3.8770649569804627
BOCACCBCW,1988,8.46010785729978,U/Umsy,0.347792853047965,Canada-DFO-BCW,5.390983891253935
BOCACCBCW,1989,6.26054471741569,U/Umsy,0.301930059239442,Canada-DFO-BCW,6.0915603852977025
BOCACCBCW,1990,8.47156559606032,U/Umsy,0.27364800305752,Canada-DFO-BCW,7.032473634140798
BOCACCBCW,1991,9.60399454907064,U/Umsy,0.235811198165488,Canada-DFO-BCW,8.199053179961608
BOCACCBCW,1992,10.1928777654119,U/Umsy,0.202942862602714,Canada-DFO-BCW,8.632245656989637
BOCACCBCW,1993,13.5289146958369,U/Umsy,0.167399197401108,Canada-DFO-BCW,10.44933815159494
BOCACCBCW,1994,9.0753884287398,U/Umsy,0.139117141219186,Canada-DFO-BCW,10.60029385976481
BOCACCBCW,1995,9.15733000016989,U/Umsy,0.122682973437799,Canada-DFO-BCW,10.488627722539622
BOCACCBCW,1996,6.1418185613384,U/Umsy,0.112363844830881,Canada-DFO-BCW,9.475862921521248
BOCACCBCW,1997,5.2615216242111,U/Umsy,0.107777565450029,Canada-DFO-BCW,7.409014653614798
BOCACCBCW,1998,4.83432090382012,U/Umsy,0.105866615708007,Canada-DFO-BCW,6.348747772384877
BOCACCBCW,1999,4.83432090382012,U/Umsy,0.105866615708007,Canada-DFO-BCW,5.267995498297435
BOCACCBCW,2000,5.63298685586208,U/Umsy,0.105102235811198,Canada-DFO-BCW,5.140787571928355
BOCACCBCW,2001,5.40349803318848,U/Umsy,0.103955665965985,Canada-DFO-BCW,5.1762816741727
BOCACCBCW,2002,5.94002118344351,U/Umsy,0.0993693865851328,Canada-DFO-BCW,5.452706744078547
BOCACCBCW,2003,5.11201736397266,U/Umsy,0.0959296770494936,Canada-DFO-BCW,5.5221308591166824
BOCACCBCW,2004,3.98583071937218,U/Umsy,0.0944009172558762,Canada-DFO-BCW,5.110341824994207
BOCACCBCW,2005,3.9332191901556,U/Umsy,0.0924899675138544,Canada-DFO-BCW,4.742772114235987
BOCACCBCW,2006,3.36651932917637,U/Umsy,0.0905790177718326,Canada-DFO-BCW,4.099396650669203
BOCACCBCW,2007,3.43801512287079,U/Umsy,0.0871393082361934,Canada-DFO-BCW,3.680896090393735
BOCACCBCW,2008,2.98448030936467,U/Umsy,0.0848461685457673,Canada-DFO-BCW,3.4305584878918576
BOCACCBCW,2009,3.07319827089034,U/Umsy,0.079495509268106307,Canada-DFO-BCW,3.2155532580755426
BOCACCBCW,2010,2.92523936620279,U/Umsy,0.0737626600420409,Canada-DFO-BCW,3.1052332673321477
BOCACCBCW,2011,3.37790101915988,U/Umsy,0.0733804700936365,Canada-DFO-BCW,3.09020474140442
BOCACCBCW,2012,3.42495275538268,U/Umsy,0.0718517103000191,Canada-DFO-BCW,3.2003228529089225
CROCKWCVANISOGQCI,1945,0.486065573770492,U/Umsy,4.57746478873239,Canada-DFO-WCVANI-SOG-QCI,NA
CROCKWCVANISOGQCI,1946,0.25983606557377,U/Umsy,4.3158953722334,Canada-DFO-WCVANI-SOG-QCI,NA
CROCKWCVANISOGQCI,1947,0.14016393442623,U/Umsy,4.20523138832998,Canada-DFO-WCVANI-SOG-QCI,NA
CROCKWCVANISOGQCI,1948,0.227868852459016,U/Umsy,4.15492957746479,Canada-DFO-WCVANI-SOG-QCI,0.278483606557377
CROCKWCVANISOGQCI,1949,0.279508196721311,U/Umsy,4.10965794768612,Canada-DFO-WCVANI-SOG-QCI,0.22684426229508173
CROCKWCVANISOGQCI,1950,0.278688524590164,U/Umsy,4.03420523138833,Canada-DFO-WCVANI-SOG-QCI,0.23155737704918022
CROCKWCVANISOGQCI,1951,0.237704918032787,U/Umsy,3.98893360160966,Canada-DFO-WCVANI-SOG-QCI,0.2559426229508195
CROCKWCVANISOGQCI,1952,0.227868852459016,U/Umsy,3.98390342052314,Canada-DFO-WCVANI-SOG-QCI,0.2559426229508195
CROCKWCVANISOGQCI,1953,0.0967213114754098,U/Umsy,3.9989939637827,Canada-DFO-WCVANI-SOG-QCI,0.2102459016393442
CROCKWCVANISOGQCI,1954,0.10327868852459,U/Umsy,4.08450704225352,Canada-DFO-WCVANI-SOG-QCI,0.1663934426229507
CROCKWCVANISOGQCI,1955,0.127049180327869,U/Umsy,4.18008048289738,Canada-DFO-WCVANI-SOG-QCI,0.13872950819672117
CROCKWCVANISOGQCI,1956,0.122950819672131,U/Umsy,4.25553319919517,Canada-DFO-WCVANI-SOG-QCI,0.11249999999999993
CROCKWCVANISOGQCI,1957,0.112295081967213,U/Umsy,4.3158953722334,Canada-DFO-WCVANI-SOG-QCI,0.11639344262295073
CROCKWCVANISOGQCI,1958,0.0901639344262295,U/Umsy,4.37122736418511,Canada-DFO-WCVANI-SOG-QCI,0.1131147540983606
CROCKWCVANISOGQCI,1959,0.139344262295082,U/Umsy,4.40140845070423,Canada-DFO-WCVANI-SOG-QCI,0.11618852459016385
CROCKWCVANISOGQCI,1960,0.126229508196721,U/Umsy,4.38631790744467,Canada-DFO-WCVANI-SOG-QCI,0.11700819672131135
CROCKWCVANISOGQCI,1961,0.187704918032787,U/Umsy,4.35613682092555,Canada-DFO-WCVANI-SOG-QCI,0.13586065573770484
CROCKWCVANISOGQCI,1962,0.308196721311475,U/Umsy,4.27565392354125,Canada-DFO-WCVANI-SOG-QCI,0.19036885245901622
CROCKWCVANISOGQCI,1963,0.242622950819672,U/Umsy,4.12474849094567,Canada-DFO-WCVANI-SOG-QCI,0.21618852459016372
CROCKWCVANISOGQCI,1964,0.15327868852459,U/Umsy,3.98893360160966,Canada-DFO-WCVANI-SOG-QCI,0.22295081967213098
CROCKWCVANISOGQCI,1965,0.202459016393443,U/Umsy,3.90845070422535,Canada-DFO-WCVANI-SOG-QCI,0.22663934426229498
CROCKWCVANISOGQCI,1966,0.310655737704918,U/Umsy,3.81287726358149,Canada-DFO-WCVANI-SOG-QCI,0.22725409836065572
CROCKWCVANISOGQCI,1967,0.265573770491803,U/Umsy,3.67203219315895,Canada-DFO-WCVANI-SOG-QCI,0.23299180327868846
CROCKWCVANISOGQCI,1968,0.598360655737705,U/Umsy,3.58148893360161,Canada-DFO-WCVANI-SOG-QCI,0.3442622950819672
CROCKWCVANISOGQCI,1969,0.463114754098361,U/Umsy,3.36016096579477,Canada-DFO-WCVANI-SOG-QCI,0.40942622950819674
CROCKWCVANISOGQCI,1970,0.405737704918033,U/Umsy,3.23440643863179,Canada-DFO-WCVANI-SOG-QCI,0.43319672131147546
CROCKWCVANISOGQCI,1971,0.394262295081967,U/Umsy,3.14386317907445,Canada-DFO-WCVANI-SOG-QCI,0.4653688524590165
CROCKWCVANISOGQCI,1972,0.131967213114754,U/Umsy,3.05835010060362,Canada-DFO-WCVANI-SOG-QCI,0.34877049180327874
CROCKWCVANISOGQCI,1973,0.358196721311475,U/Umsy,3.06338028169014,Canada-DFO-WCVANI-SOG-QCI,0.3225409836065572
CROCKWCVANISOGQCI,1974,0.401639344262295,U/Umsy,2.98289738430584,Canada-DFO-WCVANI-SOG-QCI,0.32151639344262273
CROCKWCVANISOGQCI,1975,0.347540983606557,U/Umsy,2.87726358148893,Canada-DFO-WCVANI-SOG-QCI,0.3098360655737702
CROCKWCVANISOGQCI,1976,0.550819672131147,U/Umsy,2.79678068410463,Canada-DFO-WCVANI-SOG-QCI,0.41454918032786847
CROCKWCVANISOGQCI,1977,0.445901639344262,U/Umsy,2.65090543259557,Canada-DFO-WCVANI-SOG-QCI,0.4364754098360652
CROCKWCVANISOGQCI,1978,0.715573770491803,U/Umsy,2.55030181086519,Canada-DFO-WCVANI-SOG-QCI,0.5149590163934422
CROCKWCVANISOGQCI,1979,0.489344262295082,U/Umsy,2.39939637826962,Canada-DFO-WCVANI-SOG-QCI,0.5504098360655735
CROCKWCVANISOGQCI,1980,0.355737704918033,U/Umsy,2.33400402414487,Canada-DFO-WCVANI-SOG-QCI,0.501639344262295
CROCKWCVANISOGQCI,1981,0.219672131147541,U/Umsy,2.32394366197183,Canada-DFO-WCVANI-SOG-QCI,0.4450819672131147
CROCKWCVANISOGQCI,1982,0.389344262295082,U/Umsy,2.35915492957746,Canada-DFO-WCVANI-SOG-QCI,0.36352459016393446
CROCKWCVANISOGQCI,1983,0.749180327868852,U/Umsy,2.35412474849095,Canada-DFO-WCVANI-SOG-QCI,0.428483606557377
CROCKWCVANISOGQCI,1984,1.04918032786885,U/Umsy,2.25855130784708,Canada-DFO-WCVANI-SOG-QCI,0.6018442622950813
CROCKWCVANISOGQCI,1985,0.959016393442623,U/Umsy,2.09758551307847,Canada-DFO-WCVANI-SOG-QCI,0.7866803278688518
CROCKWCVANISOGQCI,1986,0.79672131147541,U/Umsy,1.99195171026157,Canada-DFO-WCVANI-SOG-QCI,0.8885245901639337
CROCKWCVANISOGQCI,1987,1,U/Umsy,1.94164989939638,Canada-DFO-WCVANI-SOG-QCI,0.9512295081967207
CROCKWCVANISOGQCI,1988,1.33606557377049,U/Umsy,1.86116700201207,Canada-DFO-WCVANI-SOG-QCI,1.0229508196721306
CROCKWCVANISOGQCI,1989,1.44262295081967,U/Umsy,1.72032193158954,Canada-DFO-WCVANI-SOG-QCI,1.1438524590163925
CROCKWCVANISOGQCI,1990,1.37704918032787,U/Umsy,1.579476861167,Canada-DFO-WCVANI-SOG-QCI,1.2889344262295075
CROCKWCVANISOGQCI,1991,1.27049180327869,U/Umsy,1.46881287726358,Canada-DFO-WCVANI-SOG-QCI,1.35655737704918
CROCKWCVANISOGQCI,1992,1.39344262295082,U/Umsy,1.39336016096579,Canada-DFO-WCVANI-SOG-QCI,1.3709016393442626
CROCKWCVANISOGQCI,1993,1.21311475409836,U/Umsy,1.30281690140845,Canada-DFO-WCVANI-SOG-QCI,1.313524590163935
CROCKWCVANISOGQCI,1994,1.35245901639344,U/Umsy,1.25251509054326,Canada-DFO-WCVANI-SOG-QCI,1.3073770491803276
CROCKWCVANISOGQCI,1995,1.05737704918033,U/Umsy,1.18712273641851,Canada-DFO-WCVANI-SOG-QCI,1.2540983606557374
CROCKWCVANISOGQCI,1996,0.877049180327869,U/Umsy,1.16700201207243,Canada-DFO-WCVANI-SOG-QCI,1.1249999999999998
CROCKWCVANISOGQCI,1997,0.89344262295082,U/Umsy,1.17203219315895,Canada-DFO-WCVANI-SOG-QCI,1.0450819672131146
CROCKWCVANISOGQCI,1998,1.00819672131148,U/Umsy,1.17203219315895,Canada-DFO-WCVANI-SOG-QCI,0.9590163934426247
CROCKWCVANISOGQCI,1999,1.16393442622951,U/Umsy,1.14688128772636,Canada-DFO-WCVANI-SOG-QCI,0.9856557377049197
CROCKWCVANISOGQCI,2000,1.04918032786885,U/Umsy,1.09657947686117,Canada-DFO-WCVANI-SOG-QCI,1.028688524590165
CROCKWCVANISOGQCI,2001,1.13114754098361,U/Umsy,1.07142857142857,Canada-DFO-WCVANI-SOG-QCI,1.0881147540983624
CROCKWCVANISOGQCI,2002,1.23770491803279,U/Umsy,1.04627766599598,Canada-DFO-WCVANI-SOG-QCI,1.14549180327869
CROCKWCVANISOGQCI,2003,1.21311475409836,U/Umsy,1.01106639839034,Canada-DFO-WCVANI-SOG-QCI,1.1577868852459026
CROCKWCVANISOGQCI,2004,1.14754098360656,U/Umsy,1.01106639839034,Canada-DFO-WCVANI-SOG-QCI,1.18237704918033
CROCKWCVANISOGQCI,2005,1.24590163934426,U/Umsy,1.04627766599598,Canada-DFO-WCVANI-SOG-QCI,1.2110655737704925
CROCKWCVANISOGQCI,2006,0.967213114754098,U/Umsy,1.07142857142857,Canada-DFO-WCVANI-SOG-QCI,1.1434426229508194
CROCKWCVANISOGQCI,2007,0.909836065573771,U/Umsy,1.16197183098592,Canada-DFO-WCVANI-SOG-QCI,1.0676229508196722
CROCKWCVANISOGQCI,2008,0.950819672131148,U/Umsy,1.28269617706237,Canada-DFO-WCVANI-SOG-QCI,1.0184426229508192
CROCKWCVANISOGQCI,2009,0.737704918032787,U/Umsy,1.37323943661972,Canada-DFO-WCVANI-SOG-QCI,0.891393442622951
ESOLEHS,1944,0.155870439104307,U/Umsy,1.10787974960042,Canada-DFO-HS,NA
ESOLEHS,1945,0.245899054793864,U/Umsy,1.40387815598221,Canada-DFO-HS,NA
ESOLEHS,1946,0.352052198666625,U/Umsy,1.51804896987233,Canada-DFO-HS,NA
ESOLEHS,1947,0.234611885065621,U/Umsy,1.6956480137014,Canada-DFO-HS,0.24710839440760426
ESOLEHS,1948,0.558983643684412,U/Umsy,1.90284689816866,Canada-DFO-HS,0.3478866955526305
ESOLEHS,1949,0.475673581404523,U/Umsy,1.89438980084346,Canada-DFO-HS,0.40533032720529527
ESOLEHS,1950,1.59901571150108,U/Umsy,1.86056141154269,Canada-DFO-HS,0.717071205413909
ESOLEHS,1951,0.929847791898108,U/Umsy,1.25165040412872,Canada-DFO-HS,0.8908801821220307
ESOLEHS,1952,1.35446036738915,U/Umsy,1.1290224929134,Canada-DFO-HS,1.0897493630482151
ESOLEHS,1953,1.0292823823612,U/Umsy,0.959880546409523,Canada-DFO-HS,1.2281515632873845
ESOLEHS,1954,0.618106913689494,U/Umsy,0.83725263519421,Canada-DFO-HS,0.982924363834488
ESOLEHS,1955,1.02390753963347,U/Umsy,0.972566192397314,Canada-DFO-HS,1.0064393007683285
ESOLEHS,1956,1.11259244464109,U/Umsy,0.976794741059911,Canada-DFO-HS,0.9459723200813135
ESOLEHS,1957,0.644981127328167,U/Umsy,0.972566192397314,Canada-DFO-HS,0.8498970063230553
ESOLEHS,1958,0.884161628712363,U/Umsy,0.887995219145374,Canada-DFO-HS,0.9164106850787725
ESOLEHS,1959,1.27921256920086,U/Umsy,0.833024086531613,Canada-DFO-HS,0.98023694247062
ESOLEHS,1960,1.78444778560793,U/Umsy,0.731538918629284,Canada-DFO-HS,1.14820077771233
ESOLEHS,1961,1.78982262833566,U/Umsy,0.553939874800209,Canada-DFO-HS,1.4344111529642032
ESOLEHS,1962,1.12065470873269,U/Umsy,0.465140352885672,Canada-DFO-HS,1.4935344229692848
ESOLEHS,1963,0.92716037053424,U/Umsy,0.498968742186448,Canada-DFO-HS,1.40552137330263
ESOLEHS,1964,0.82503835870728,U/Umsy,0.600453910088777,Canada-DFO-HS,1.1656690165774675
ESOLEHS,1965,0.610044649597892,U/Umsy,0.773824405255254,Canada-DFO-HS,0.8707245218930255
ESOLEHS,1966,0.429987418218778,U/Umsy,0.955651997746926,Canada-DFO-HS,0.6980576992645475
ESOLEHS,1967,0.483735845496125,U/Umsy,1.25165040412872,Canada-DFO-HS,0.5872015680050188
ESOLEHS,1968,0.577795593231483,U/Umsy,1.31930718273027,Canada-DFO-HS,0.5253908766360694
ESOLEHS,1969,0.722916346880321,U/Umsy,1.28970734209209,Canada-DFO-HS,0.5536088009566767
ESOLEHS,1970,0.980908797811588,U/Umsy,1.16285088221418,Canada-DFO-HS,0.6913391458548792
ESOLEHS,1971,0.577795593231483,U/Umsy,0.959880546409523,Canada-DFO-HS,0.7148540827887188
ESOLEHS,1972,0.424612575491043,U/Umsy,0.993708935710299,Canada-DFO-HS,0.6765583283536087
ESOLEHS,1973,0.54017169413734,U/Umsy,1.40387815598221,Canada-DFO-HS,0.6308721651678635
ESOLEHS,1974,0.349364777302757,U/Umsy,1.61953413777466,Canada-DFO-HS,0.47298616004065575
ESOLEHS,1975,0.671855340966841,U/Umsy,1.58570574847388,Canada-DFO-HS,0.49650109697449524
ESOLEHS,1976,0.658418234147504,U/Umsy,1.95781803078242,Canada-DFO-HS,0.5549525116386105
ESOLEHS,1977,0.72829118960805606,U/Umsy,1.8394186682297,Canada-DFO-HS,0.6019823855062895
ESOLEHS,1978,0.373551569577564,U/Umsy,1.699876562364,Canada-DFO-HS,0.6080290835749913
ESOLEHS,1979,0.572420750503748,U/Umsy,1.71256220835179,Canada-DFO-HS,0.583170435959218
ESOLEHS,1980,0.999720747358659,U/Umsy,1.1290224929134,Canada-DFO-HS,0.6684960642620068
ESOLEHS,1981,1.32489873238661,U/Umsy,1.1374795902386,Canada-DFO-HS,0.8176479499566452
ESOLEHS,1982,0.395050940488502,U/Umsy,1.23473620947833,Canada-DFO-HS,0.8230227926843797
ESOLEHS,1983,0.333240249119553,U/Umsy,1.46730638592117,Canada-DFO-HS,0.763227667338331
ESOLEHS,1984,0.532109430045738,U/Umsy,1.40387815598221,Canada-DFO-HS,0.6463248380101008
ESOLEHS,1985,0.567045907776014,U/Umsy,1.17553652820197,Canada-DFO-HS,0.45686163185745177
ESOLEHS,1986,0.282179243206073,U/Umsy,1.34467847470585,Canada-DFO-HS,0.4286437075368445
ESOLEHS,1987,0.470298738676789,U/Umsy,1.52227751853493,Canada-DFO-HS,0.4629083299261535
ESOLEHS,1988,0.564358486412146,U/Umsy,1.38273541266922,Canada-DFO-HS,0.47097059401775554
ESOLEHS,1989,0.534796851409605,U/Umsy,1.75484769497776,Canada-DFO-HS,0.4629083299261533
ESOLEHS,1990,0.655730812783637,U/Umsy,1.72101930567699,Canada-DFO-HS,0.5562962223205442
ESOLEHS,1991,0.661105655511371,U/Umsy,1.57302010248609,Canada-DFO-HS,0.6039979515291898
ESOLEHS,1992,0.666480498239106,U/Umsy,1.68296236771361,Canada-DFO-HS,0.6295284544859298
ESOLEHS,1993,0.792789302340872,U/Umsy,2.04238900403436,Canada-DFO-HS,0.6940265672187466
ESOLEHS,1994,0.58048301459535,U/Umsy,1.95358948211982,Canada-DFO-HS,0.6752146176716748
ESOLEHS,1995,0.704104397333249,U/Umsy,1.91976109281905,Canada-DFO-HS,0.6859643031271443
ESOLEHS,1996,0.311740878208614,U/Umsy,1.65336252707543,Canada-DFO-HS,0.5972793981195212
ESOLEHS,1997,0.268742136386736,U/Umsy,2.32993031309096,Canada-DFO-HS,0.46626760663098726
ESOLEHS,1998,0.440737103674248,U/Umsy,1.2727931474417,Canada-DFO-HS,0.4313311289007118
ESOLEHS,1999,0.341302513211155,U/Umsy,1.22627911215314,Canada-DFO-HS,0.34063065787018826
ESOLEHS,2000,0.435362260946513,U/Umsy,1.31507863406767,Canada-DFO-HS,0.37153600355466304
ESOLEHS,2001,0.327865406391818,U/Umsy,1.44193509394558,Canada-DFO-HS,0.3863168210559335
EULAPCOASTFRDU,2000,0.0123427520027647,U/Umsy,0.409193363957981,Canada-DFO-PCOASTFRDU,NA
EULAPCOASTFRDU,2001,0.00486992936163507,U/Umsy,1.0370935258935,Canada-DFO-PCOASTFRDU,NA
EULAPCOASTFRDU,2002,0.12004269546095,U/Umsy,2.42341242275115,Canada-DFO-PCOASTFRDU,NA
EULAPCOASTFRDU,2003,0.00110989087776799,U/Umsy,4.55051240953272,Canada-DFO-PCOASTFRDU,0.03459131692577944
EULAPCOASTFRDU,2004,0.0050397924977689,U/Umsy,4.40941124954721,Canada-DFO-PCOASTFRDU,0.032765577049530495
EULAPCOASTFRDU,2005,0.00384881514064706,U/Umsy,1.31224078786525,Canada-DFO-PCOASTFRDU,0.03251029849428349
EULAPCOASTFRDU,2006,0.00427390815618122,U/Umsy,1.18172221487865,Canada-DFO-PCOASTFRDU,0.003568101668091293
EULAPCOASTFRDU,2007,0.00941946863368887,U/Umsy,0.53618440794494,Canada-DFO-PCOASTFRDU,0.005645496107071513
EULAPCOASTFRDU,2008,0.0115464454219412,U/Umsy,0.437413595955083,Canada-DFO-PCOASTFRDU,0.007272159338114588
EULAPCOASTFRDU,2009,0.00316760892106351,U/Umsy,1.59444310783627,Canada-DFO-PCOASTFRDU,0.0071018577832187
EULAPCOASTFRDU,2010,0.0032030407881895,U/Umsy,1.57680546283808,Canada-DFO-PCOASTFRDU,0.00683414094122077
EULAPCOASTFRDU,2011,0.00157682734837082,U/Umsy,3.20299633167109,Canada-DFO-PCOASTFRDU,0.004873480619891258
EULAPCOASTFRDU,2012,0.00300159168201407,U/Umsy,1.68263133282721,Canada-DFO-PCOASTFRDU,0.0027372671849094747
HERRCC,1951,1.08865145920555,U/Umsy,3.35501301322566,Canada-DFO-CC,NA
HERRCC,1952,1.42088987774003,U/Umsy,2.00803741828617,Canada-DFO-CC,NA
HERRCC,1953,0.0356961996490928,U/Umsy,1.84898494951103,Canada-DFO-CC,NA
HERRCC,1954,1.00438192324756,U/Umsy,1.95087793732011,Canada-DFO-CC,0.8874048649605583
HERRCC,1955,0.605031739904493,U/Umsy,1.64768416871749,Canada-DFO-CC,0.766499935135294
HERRCC,1956,2.0327840045102,U/Umsy,1.83904417021258,Canada-DFO-CC,0.9194734668278365
HERRCC,1957,1.6716393287435,U/Umsy,1.19786390546279,Canada-DFO-CC,1.3284592491014384
HERRCC,1958,0.709624646018909,U/Umsy,1.19289351581357,Canada-DFO-CC,1.2547699297942756
HERRCC,1959,1.67209938672554,U/Umsy,1.43395741380089,Canada-DFO-CC,1.5215368414995374
HERRCC,1960,0.309084073842116,U/Umsy,1.12330806072444,Canada-DFO-CC,1.0906118588325162
HERRCC,1961,1.41812157968804,U/Umsy,1.92105559942477,Canada-DFO-CC,1.0272324215686512
HERRCC,1962,0.640988059666967,U/Umsy,2.10496001644603,Canada-DFO-CC,1.0100732749806658
HERRCC,1963,1.48059085377047,U/Umsy,2.55975066934995,Canada-DFO-CC,0.9621961417418983
HERRCC,1964,1.68894885897658,U/Umsy,1.60792105152371,Canada-DFO-CC,1.3071623380255144
HERRCC,1965,1.34718830406432,U/Umsy,1.00153351431847,Canada-DFO-CC,1.2894290191195843
HERRCC,1966,1.45869066690348,U/Umsy,2.20933819907971,Canada-DFO-CC,1.4938546709287126
HERRCC,1967,1.50859997147467,U/Umsy,1.24756780195502,Canada-DFO-CC,1.5008569503547626
HERRCC,1968,0.229040956352336,U/Umsy,0.57408000448528,Canada-DFO-CC,1.1358799746987016
HERRCC,1969,0,U/Umsy,0.785321564577266,Canada-DFO-CC,0.7990828986826216
HERRCC,1970,0.0149325721543435,U/Umsy,1.20283429511201,Canada-DFO-CC,0.4381433749953374
HERRCC,1971,0.114861667157085,U/Umsy,1.40662027073017,Canada-DFO-CC,0.08970879891594116
HERRCC,1972,0.48919029702034,U/Umsy,1.63028780494521,Canada-DFO-CC,0.15474613408294216
HERRCC,1973,0.394341240641018,U/Umsy,1.69987326003433,Canada-DFO-CC,0.25333144424319665
HERRCC,1974,0.464384236277069,U/Umsy,1.64519897389288,Canada-DFO-CC,0.365694360273878
HERRCC,1975,0.483576416646259,U/Umsy,1.55324676538225,Canada-DFO-CC,0.45787304764617154
HERRCC,1976,0.781057556074183,U/Umsy,1.36437195871177,Canada-DFO-CC,0.5308398624096323
HERRCC,1977,0.735336584006994,U/Umsy,1.29727169844726,Canada-DFO-CC,0.6160886982511262
HERRCC,1978,1.10280115658501,U/Umsy,1.09100052800449,Canada-DFO-CC,0.7756929283281115
HERRCC,1979,0,U/Umsy,2.12981196469214,Canada-DFO-CC,0.6547988241665468
HERRCC,1980,0.0172263083838995,U/Umsy,2.68401041058053,Canada-DFO-CC,0.4638410122439759
HERRCC,1981,0.0766141224688367,U/Umsy,2.88282599654946,Canada-DFO-CC,0.2991603968594366
HERRCC,1982,0.193713087863425,U/Umsy,2.80827015181111,Canada-DFO-CC,0.07188837967904034
HERRCC,1983,0.22037865630817,U/Umsy,2.19939741978127,Canada-DFO-CC,0.12698304375608283
HERRCC,1984,0.317876374038615,U/Umsy,1.93845196319705,Canada-DFO-CC,0.2021455601697617
HERRCC,1985,0.264172159334905,U/Umsy,1.69490287038511,Canada-DFO-CC,0.24903506938627878
HERRCC,1986,0.18943718594165,U/Umsy,1.53336520678536,Canada-DFO-CC,0.24796609390583504
HERRCC,1987,0.145899895273208,U/Umsy,2.13229715951675,Canada-DFO-CC,0.22934640364709455
HERRCC,1988,0.188393608166179,U/Umsy,2.05277092512918,Canada-DFO-CC,0.19697571217898555
HERRCC,1989,0.496112075670141,U/Umsy,1.63525819459443,Canada-DFO-CC,0.2549606912627945
HERRCC,1990,0.520268090043222,U/Umsy,1.37928312765944,Canada-DFO-CC,0.33766841728818753
HERRCC,1991,0.431652414234954,U/Umsy,1.77194390994807,Canada-DFO-CC,0.40910654702862403
HERRCC,1992,0.401520273483458,U/Umsy,1.78934027372035,Canada-DFO-CC,0.4623882133579438
HERRCC,1993,0.555194618968829,U/Umsy,1.62531741529599,Canada-DFO-CC,0.4771588491826158
HERRCC,1994,0.785324907594841,U/Umsy,1.30224208809648,Canada-DFO-CC,0.5434230535705206
HERRCC,1995,0.822042289995932,U/Umsy,1.00153351431847,Canada-DFO-CC,0.641020522510765
HERRCC,1996,0.275364780857874,U/Umsy,1.34200520529026,Canada-DFO-CC,0.6094816493543691
HERRCC,1997,0.200291376231059,U/Umsy,1.55324676538225,Canada-DFO-CC,0.5207558386699265
HERRCC,1998,0.491080028327356,U/Umsy,1.50851325853924,Canada-DFO-CC,0.4471946188530553
HERRCC,1999,0.449907983466507,U/Umsy,1.4364426086255,Canada-DFO-CC,0.35416104222069905
HERRCC,2000,0.499724922415946,U/Umsy,1.26744936055192,Canada-DFO-CC,0.41025107761021706
HERRCC,2001,0.473168862954596,U/Umsy,1.113367281426,Canada-DFO-CC,0.4784704492911013
HERRCC,2002,0.211469296132143,U/Umsy,1.33703481564104,Canada-DFO-CC,0.408567766242298
HERRCC,2003,0.166785839724491,U/Umsy,1.33454962081643,Canada-DFO-CC,0.33778723030679403
HERRCC,2004,0.177962604640405,U/Umsy,1.44389819309934,Canada-DFO-CC,0.25734665086290875
HERRCC,2005,0.306842772511787,U/Umsy,1.05869299528454,Canada-DFO-CC,0.2157651282522065
HERRCC,2006,0.324656662901773,U/Umsy,0.812658707647993,Canada-DFO-CC,0.24406196994461402
HERRCC,2007,0.0619960179153302,U/Umsy,0.551713251063775,Canada-DFO-CC,0.21786451449232383
HERRCC,2008,0,U/Umsy,0.782836369752654,Canada-DFO-CC,0.17337386333222257
HERRCC,2009,0,U/Umsy,0.653606238872851,Canada-DFO-CC,0.09666317020427583
HERRCC,2010,0,U/Umsy,0.812658707647993,Canada-DFO-CC,0.015499004478832578
HERRCC,2011,0,U/Umsy,0.519405718343824,Canada-DFO-CC,2.7755575615628914e-17
HERRCC,2012,0,U/Umsy,0.593961563082172,Canada-DFO-CC,2.7755575615628914e-17
HERRCC,2013,0,U/Umsy,0.733132473260422,Canada-DFO-CC,2.7755575615628914e-17
HERRCC,2014,0.055248689238861,U/Umsy,1.06863377458299,Canada-DFO-CC,0.013812172309715277
HERRCC,2015,0.0442689449380299,U/Umsy,1.21526026923507,Canada-DFO-CC,0.024879408544222752
HERRQCI,1951,0.536999361241408,U/Umsy,0.65359645694511,Canada-DFO-QCI,NA
HERRQCI,1952,1.64354349955704,U/Umsy,0.756795897515391,Canada-DFO-QCI,NA
HERRQCI,1953,0,U/Umsy,2.16432160084894,Canada-DFO-QCI,NA
HERRQCI,1954,0.079687366352093,U/Umsy,2.76631833750891,Canada-DFO-QCI,0.5650575567876353
HERRQCI,1955,0.020974563286135,U/Umsy,2.92398414949128,Canada-DFO-QCI,0.436051357298817
HERRQCI,1956,3.23242333951138,U/Umsy,2.95265066076081,Canada-DFO-QCI,0.833271317287402
HERRQCI,1957,2.77901153117215,U/Umsy,0.966061429782904,Canada-DFO-QCI,1.5280242000804396
HERRQCI,1958,1.78597540367929,U/Umsy,0.765395850896248,Canada-DFO-QCI,1.9545962094122389
HERRQCI,1959,1.08271753130002,U/Umsy,0.776862455404057,Canada-DFO-QCI,2.2200319514157103
HERRQCI,1960,0,U/Umsy,1.07786082373404,Canada-DFO-QCI,1.411926116537865
HERRQCI,1961,0.0364969477374691,U/Umsy,1.94358946407362,Canada-DFO-QCI,0.7262974706791948
HERRQCI,1962,0.340378411320618,U/Umsy,2.76058503525501,Canada-DFO-QCI,0.3648982225895268
HERRQCI,1963,0.714379240746488,U/Umsy,2.53411959622578,Canada-DFO-QCI,0.2728136499511438
HERRQCI,1964,2.00201703608447,U/Umsy,1.77159039645648,Canada-DFO-QCI,0.7733179089722613
HERRQCI,1965,2.58197315965308,U/Umsy,1.68845751377487,Canada-DFO-QCI,1.409686961951164
HERRQCI,1966,0.720364996787253,U/Umsy,0.470130784820167,Canada-DFO-QCI,1.5046836083178228
HERRQCI,1967,0.0756237116987901,U/Umsy,0.346864786361221,Canada-DFO-QCI,1.3449947260558983
HERRQCI,1968,0.0256477306861568,U/Umsy,0.3841312510116,Canada-DFO-QCI,0.8509023997063201
HERRQCI,1969,0,U/Umsy,0.450064226931501,Canada-DFO-QCI,0.20540910979305005
HERRQCI,1970,0,U/Umsy,0.805528966673579,Canada-DFO-QCI,0.02531786059623682
HERRQCI,1971,0.0113815968512465,U/Umsy,1.10366068387661,Canada-DFO-QCI,0.00925733188435092
HERRQCI,1972,0.304555352018341,U/Umsy,1.60532463109325,Canada-DFO-QCI,0.07898423721739697
HERRQCI,1973,0.462834979545604,U/Umsy,2.00092248661266,Canada-DFO-QCI,0.19469298210379798
HERRQCI,1974,0.331105947614214,U/Umsy,2.35065392410084,Canada-DFO-QCI,0.2774694690073515
HERRQCI,1975,0.531491675485087,U/Umsy,1.7887903032182,Canada-DFO-QCI,0.40749698866581163
HERRQCI,1976,1.0045361185411401,U/Umsy,1.7285906295522,Canada-DFO-QCI,0.5824921802965114
HERRQCI,1977,1.06554203962862,U/Umsy,1.45625877249174,Canada-DFO-QCI,0.7331689453172654
HERRQCI,1978,1.21408551237188,U/Umsy,1.18679356655823,Canada-DFO-QCI,0.9539138365066818
HERRQCI,1979,0.382882952634008,U/Umsy,2.5570528052414,Canada-DFO-QCI,0.9167616557939121
HERRQCI,1980,0.151892471081702,U/Umsy,2.69178540820815,Canada-DFO-QCI,0.7036007439290526
HERRQCI,1981,0.252468175681764,U/Umsy,2.74625177962024,Canada-DFO-QCI,0.5003322779423386
HERRQCI,1982,0.204777562218665,U/Umsy,2.27325434367313,Canada-DFO-QCI,0.24800529040403485
HERRQCI,1983,0.238193776075397,U/Umsy,2.89531763822176,Canada-DFO-QCI,0.21183299626438207
HERRQCI,1984,0.226489526509982,U/Umsy,2.52838629397187,Canada-DFO-QCI,0.23048226012145206
HERRQCI,1985,0.357122840509932,U/Umsy,2.1069885783099,Canada-DFO-QCI,0.2566459263284941
HERRQCI,1986,0.255713981543527,U/Umsy,1.68559086264792,Canada-DFO-QCI,0.26938003115970954
HERRQCI,1987,0.108853007051149,U/Umsy,2.33058736621217,Canada-DFO-QCI,0.23704483890364758
HERRQCI,1988,0.00179701747029804,U/Umsy,2.19298811211846,Canada-DFO-QCI,0.1808717116437266
HERRQCI,1989,0.092509624473446,U/Umsy,1.94358946407362,Canada-DFO-QCI,0.11471840763460509
HERRQCI,1990,0.56411204914753,U/Umsy,1.46485872587259,Canada-DFO-QCI,0.19181792453560584
HERRQCI,1991,0.416467626884166,U/Umsy,1.31292621614413,Canada-DFO-QCI,0.2687215794938601
HERRQCI,1992,0.322199616744845,U/Umsy,0.963194778655952,Canada-DFO-QCI,0.34882222931249685
HERRQCI,1993,0.53207276159699,U/Umsy,0.624929945675588,Canada-DFO-QCI,0.45871301359338285
HERRQCI,1994,0.0778486346720876,U/Umsy,0.472997435947119,Canada-DFO-QCI,0.3371471599745222
HERRQCI,1995,0,U/Umsy,0.808395617800531,Canada-DFO-QCI,0.23303025325348073
HERRQCI,1996,0,U/Umsy,1.020527801195,Canada-DFO-QCI,0.15248034906726948
HERRQCI,1997,0,U/Umsy,1.95792271970838,Canada-DFO-QCI,0.01946215866802197
HERRQCI,1998,0.141478677865525,U/Umsy,1.19252686881213,Canada-DFO-QCI,0.03536966946638133
HERRQCI,1999,0.419739828590005,U/Umsy,0.874328593720433,Canada-DFO-QCI,0.14030462661388257
HERRQCI,2000,0.348803254824694,U/Umsy,0.624929945675588,Canada-DFO-QCI,0.22750544032005607
HERRQCI,2001,0,U/Umsy,0.530330458486164,Canada-DFO-QCI,0.22750544032005607
HERRQCI,2002,0.0987938889997223,U/Umsy,0.880061895974337,Canada-DFO-QCI,0.2168342431036054
HERRQCI,2003,0,U/Umsy,0.590530132152161,Canada-DFO-QCI,0.11189928595610414
HERRQCI,2004,0,U/Umsy,0.693729572722442,Canada-DFO-QCI,0.024698472249930648
HERRQCI,2005,0,U/Umsy,0.487330691581881,Canada-DFO-QCI,0.024698472249930648
HERRQCI,2006,0,U/Umsy,0.656463108072063,Canada-DFO-QCI,7.28583859910259e-17
HERRQCI,2007,0,U/Umsy,0.507397249470546,Canada-DFO-QCI,7.28583859910259e-17
HERRQCI,2008,0,U/Umsy,0.696596223849394,Canada-DFO-QCI,7.28583859910259e-17
HERRQCI,2009,0,U/Umsy,0.464397482566263,Canada-DFO-QCI,7.28583859910259e-17
HERRQCI,2010,0,U/Umsy,0.647863154691206,Canada-DFO-QCI,7.28583859910259e-17
HERRQCI,2011,0,U/Umsy,0.590530132152161,Canada-DFO-QCI,7.28583859910259e-17
HERRQCI,2012,0,U/Umsy,1.25272654247813,Canada-DFO-QCI,7.28583859910259e-17
HERRQCI,2013,0,U/Umsy,1.00906119668719,Canada-DFO-QCI,7.28583859910259e-17
HERRQCI,2014,0,U/Umsy,0.971794732036809,Canada-DFO-QCI,7.28583859910259e-17
HERRQCI,2015,0,U/Umsy,0.779729106531009,Canada-DFO-QCI,7.28583859910259e-17
HERRSOG,1951,0.825750179433265,U/Umsy,1.74977009494204,Canada-DFO-SOG,NA
HERRSOG,1952,0.843488897484604,U/Umsy,1.79510092641723,Canada-DFO-SOG,NA
HERRSOG,1953,0.163155455702435,U/Umsy,1.70443926346686,Canada-DFO-SOG,NA
HERRSOG,1954,0.858130949468488,U/Umsy,2.52946039631518,Canada-DFO-SOG,0.672631370522198
HERRSOG,1955,1.03143205646067,U/Umsy,2.19401224339883,Canada-DFO-SOG,0.7240518397790493
HERRSOG,1956,1.51642535326995,U/Umsy,1.56844676904131,Canada-DFO-SOG,0.8922859537253858
HERRSOG,1957,1.7922259639958,U/Umsy,1.09700612169942,Canada-DFO-SOG,1.299553580798727
HERRSOG,1958,0.640638793933337,U/Umsy,1.06074145651927,Canada-DFO-SOG,1.2451805419149393
HERRSOG,1959,1.07017045816962,U/Umsy,1.54124827015621,Canada-DFO-SOG,1.2548651423421768
HERRSOG,1960,1.43850819726056,U/Umsy,1.55938060274628,Canada-DFO-SOG,1.2353858533398292
HERRSOG,1961,0.939119416588182,U/Umsy,1.62284376681153,Canada-DFO-SOG,1.0221092164879249
HERRSOG,1962,1.16470218197461,U/Umsy,1.84949792418745,Canada-DFO-SOG,1.153125063498243
HERRSOG,1963,1.13788306170472,U/Umsy,1.99455658490803,Canada-DFO-SOG,1.170053214382018
HERRSOG,1964,1.31364679808934,U/Umsy,1.93109342084278,Canada-DFO-SOG,1.138837864589213
HERRSOG,1965,1.19126097850498,U/Umsy,1.32366027907533,Canada-DFO-SOG,1.2018732550684126
HERRSOG,1966,1.10149726612695,U/Umsy,0.997278292454015,Canada-DFO-SOG,1.1860720261064974
HERRSOG,1967,1.22737721753078,U/Umsy,0.833180682513855,Canada-DFO-SOG,1.2084455650630126
HERRSOG,1968,0.109157386733302,U/Umsy,0.5711684765873,Canada-DFO-SOG,0.9073232122240029
HERRSOG,1969,0.00729219456827153,U/Umsy,0.877604897359533,Canada-DFO-SOG,0.6113310162398259
HERRSOG,1970,0.00721799522030502,U/Umsy,1.11513845428949,Canada-DFO-SOG,0.33776119851316466
HERRSOG,1971,0.0507015184280363,U/Umsy,1.10607228799445,Canada-DFO-SOG,0.04359227373747876
HERRSOG,1972,0.294090696367091,U/Umsy,0.988212126158979,Canada-DFO-SOG,0.08982560114592601
HERRSOG,1973,0.237907124931555,U/Umsy,1.06074145651927,Canada-DFO-SOG,0.14747933373674688
HERRSOG,1974,0.1015770126546,U/Umsy,1.30552794648526,Canada-DFO-SOG,0.17106908809532062
HERRSOG,1975,0.167809116918359,U/Umsy,1.21486628353489,Canada-DFO-SOG,0.2003459877179013
HERRSOG,1976,0.279186607577836,U/Umsy,1.4415204409108,Canada-DFO-SOG,0.19661996552058753
HERRSOG,1977,0.304665752445419,U/Umsy,1.89482875566263,Canada-DFO-SOG,0.21330962239905354
HERRSOG,1978,0.477190761675637,U/Umsy,1.65910843199168,Canada-DFO-SOG,0.3072130596543128
HERRSOG,1979,0.374939923973947,U/Umsy,1.78603476012219,Canada-DFO-SOG,0.35899576141820977
HERRSOG,1980,0.118304653777992,U/Umsy,1.62284376681153,Canada-DFO-SOG,0.3187752729682488
HERRSOG,1981,0.228118200254395,U/Umsy,1.74977009494204,Canada-DFO-SOG,0.2996383849204928
HERRSOG,1982,0.275584723902615,U/Umsy,1.53218210386117,Canada-DFO-SOG,0.24923687547723727
HERRSOG,1983,0.467041555177311,U/Umsy,1.21486628353489,Canada-DFO-SOG,0.2722622832780783
HERRSOG,1984,0.317653770917015,U/Umsy,1.1423369531746,Canada-DFO-SOG,0.32209956256283406
HERRSOG,1985,0.1559708188486,U/Umsy,1.48685127238599,Canada-DFO-SOG,0.3040627172113853
HERRSOG,1986,0.0146034882251309,U/Umsy,1.3417926116654,Canada-DFO-SOG,0.23881740829201428
HERRSOG,1987,0.18096127055964,U/Umsy,1.70443926346686,Canada-DFO-SOG,0.16729733713759654
HERRSOG,1988,0.190503974298883,U/Umsy,1.42338810832073,Canada-DFO-SOG,0.13550988798306352
HERRSOG,1989,0.167334675266984,U/Umsy,1.65004226569664,Canada-DFO-SOG,0.13835085208765951
HERRSOG,1990,0.170781884445936,U/Umsy,1.56844676904131,Canada-DFO-SOG,0.1773954511428608
HERRSOG,1991,0.16689352517075,U/Umsy,2.19401224339883,Canada-DFO-SOG,0.1738785147956383
HERRSOG,1992,0.190990574488663,U/Umsy,2.36626940300453,Canada-DFO-SOG,0.17400016484308328
HERRSOG,1993,0.174295594201192,U/Umsy,2.59292356038044,Canada-DFO-SOG,0.1757403945766353
HERRSOG,1994,0.296787364850912,U/Umsy,1.96735808602292,Canada-DFO-SOG,0.2072417646778793
HERRSOG,1995,0.209734716867479,U/Umsy,2.07615208156336,Canada-DFO-SOG,0.21795206260206154
HERRSOG,1996,0.192149706983714,U/Umsy,2.42066640077475,Canada-DFO-SOG,0.21824184572582428
HERRSOG,1997,0.225449243187734,U/Umsy,2.31187240523431,Canada-DFO-SOG,0.2310302579724598
HERRSOG,1998,0.247423409928817,U/Umsy,1.8132332590073,Canada-DFO-SOG,0.21868926924193605
HERRSOG,1999,0.243803300318034,U/Umsy,1.78603476012219,Canada-DFO-SOG,0.2272064151045748
HERRSOG,2000,0.254868245521687,U/Umsy,1.96735808602292,Canada-DFO-SOG,0.24288604973906805
HERRSOG,2001,0.213116802669779,U/Umsy,2.53852656261022,Canada-DFO-SOG,0.2398029396095793
HERRSOG,2002,0.234178476728882,U/Umsy,2.62012205926555,Canada-DFO-SOG,0.23649170630959554
HERRSOG,2003,0.285888393825314,U/Umsy,2.41160023447971,Canada-DFO-SOG,0.24701297968641556
HERRSOG,2004,0.221904403523603,U/Umsy,2.02175508379314,Canada-DFO-SOG,0.23877201918689456
HERRSOG,2005,0.321351185242897,U/Umsy,1.94015958713781,Canada-DFO-SOG,0.26583061483017406
HERRSOG,2006,0.312352948338823,U/Umsy,1.98549041861299,Canada-DFO-SOG,0.28537423273265927
HERRSOG,2007,0.227690254535721,U/Umsy,1.47778510609095,Canada-DFO-SOG,0.27082469791026104
HERRSOG,2008,0.254446122921449,U/Umsy,1.29646178019022,Canada-DFO-SOG,0.27896012775972256
HERRSOG,2009,0.306723235448947,U/Umsy,1.09700612169942,Canada-DFO-SOG,0.27530314031123504
HERRSOG,2010,0.205938652521784,U/Umsy,1.33272644537037,Canada-DFO-SOG,0.2486995663569753
HERRSOG,2011,0.113126746250876,U/Umsy,1.49591743868102,Canada-DFO-SOG,0.22005868928576405
HERRSOG,2012,0.246203287442377,U/Umsy,1.5140497712711,Canada-DFO-SOG,0.21799798041599602
HERRSOG,2013,0.31134237453141,U/Umsy,1.75883626123708,Canada-DFO-SOG,0.21915276518661178
HERRSOG,2014,0.39926035147496,U/Umsy,1.67724076458175,Canada-DFO-SOG,0.2674831899249058
HERRSOG,2015,0.313670651532476,U/Umsy,2.10335058044847,Canada-DFO-SOG,0.3176191662453058
HERRWCVANI,1951,1.57045339745491,U/Umsy,1.17804263503011,Canada-DFO-WCVANI,NA
HERRWCVANI,1952,2.40241513572099,U/Umsy,0.953773555847909,Canada-DFO-WCVANI,NA
HERRWCVANI,1953,0.00201365028814792,U/Umsy,0.842898954903899,Canada-DFO-WCVANI,NA
HERRWCVANI,1954,2.67492726196147,U/Umsy,1.0533087089681,Canada-DFO-WCVANI,1.6624523613563795
HERRWCVANI,1955,0.639104504012268,U/Umsy,0.812660427373714,Canada-DFO-WCVANI,1.429615137995719
HERRWCVANI,1956,1.36793099355008,U/Umsy,1.06086834085065,Canada-DFO-WCVANI,1.1709941024529915
HERRWCVANI,1957,0.21920290720899,U/Umsy,1.01047079496701,Canada-DFO-WCVANI,1.225291416683202
HERRWCVANI,1958,0.0340457007173023,U/Umsy,1.38593251180013,Canada-DFO-WCVANI,0.5650710263721601
HERRWCVANI,1959,3.30572827516845,U/Umsy,1.77651349239835,Canada-DFO-WCVANI,1.2317269691612056
HERRWCVANI,1960,3.89540864299113,U/Umsy,1.17426281908884,Canada-DFO-WCVANI,1.863596381521468
HERRWCVANI,1961,2.06769104239264,U/Umsy,1.08354723649829,Canada-DFO-WCVANI,2.3257184153173807
HERRWCVANI,1962,1.95391856876815,U/Umsy,1.02936987467337,Canada-DFO-WCVANI,2.8056866323300924
HERRWCVANI,1963,1.35158782681541,U/Umsy,1.14276435291156,Canada-DFO-WCVANI,2.3171515202418322
HERRWCVANI,1964,1.73481937793358,U/Umsy,1.04196926114428,Canada-DFO-WCVANI,1.777004203977445
HERRWCVANI,1965,1.97744153067296,U/Umsy,0.686666562664611,Canada-DFO-WCVANI,1.754441826047525
HERRWCVANI,1966,1.66846629150532,U/Umsy,0.549333250131689,Canada-DFO-WCVANI,1.6830787567318175
HERRWCVANI,1967,2.16400998360016,U/Umsy,0.592171164132784,Canada-DFO-WCVANI,1.886184295928005
HERRWCVANI,1968,0,U/Umsy,0.349003005244215,Canada-DFO-WCVANI,1.45247945144461
HERRWCVANI,1969,0,U/Umsy,0.531694109072414,Canada-DFO-WCVANI,0.95811906877637
HERRWCVANI,1970,0,U/Umsy,1.00417110173155,Canada-DFO-WCVANI,0.5410024959000399
HERRWCVANI,1971,0,U/Umsy,1.37333312532922,Canada-DFO-WCVANI,-9.71445146547012e-17
HERRWCVANI,1972,0.386739157278829,U/Umsy,1.5119263765092401,Canada-DFO-WCVANI,0.09668478931970716
HERRWCVANI,1973,0.886781164845632,U/Umsy,1.75131471945653,Canada-DFO-WCVANI,0.31838008053111516
HERRWCVANI,1974,0.722310930827848,U/Umsy,1.91510674357836,Canada-DFO-WCVANI,0.49895781323807714
HERRWCVANI,1975,1.09193000982366,U/Umsy,2.02850122181656,Canada-DFO-WCVANI,0.7719403156939921
HERRWCVANI,1976,1.82757773634661,U/Umsy,1.80171226534017,Canada-DFO-WCVANI,1.1321499604609373
HERRWCVANI,1977,1.54251760622629,U/Umsy,1.65051962768925,Canada-DFO-WCVANI,1.2960840708061019
HERRWCVANI,1978,1.54600087820529,U/Umsy,1.24607932197303,Canada-DFO-WCVANI,1.5020065576504624
HERRWCVANI,1979,1.17716678503817,U/Umsy,1.3481343523874,Canada-DFO-WCVANI,1.5233157514540898
HERRWCVANI,1980,0.262822820109236,U/Umsy,1.28513742003285,Canada-DFO-WCVANI,1.1321270223947464
HERRWCVANI,1981,0.518966582191288,U/Umsy,1.32293557944558,Canada-DFO-WCVANI,0.8762392663859959
HERRWCVANI,1982,0.416427641599806,U/Umsy,1.11882551861683,Canada-DFO-WCVANI,0.593845957234625
HERRWCVANI,1983,0.668888479570301,U/Umsy,1.08858699108665,Canada-DFO-WCVANI,0.46677638086765766
HERRWCVANI,1984,0.3724423882955,U/Umsy,1.49932699003833,Canada-DFO-WCVANI,0.49418127291422365
HERRWCVANI,1985,0.00850317388699398,U/Umsy,1.77651349239835,Canada-DFO-WCVANI,0.36656542083815014
HERRWCVANI,1986,0.0121599529524458,U/Umsy,1.42373067121286,Canada-DFO-WCVANI,0.26549849867631015
HERRWCVANI,1987,0.653030471952994,U/Umsy,2.06629938122929,Canada-DFO-WCVANI,0.2615339967719834
HERRWCVANI,1988,0.515516671485579,U/Umsy,1.60012208180561,Canada-DFO-WCVANI,0.29730256756950313
HERRWCVANI,1989,0.869750299458919,U/Umsy,1.29773680650376,Canada-DFO-WCVANI,0.5126143489624844
HERRWCVANI,1990,0.798390530763774,U/Umsy,1.04700901573265,Canada-DFO-WCVANI,0.7091719934153164
HERRWCVANI,1991,0.640221168841643,U/Umsy,1.14528423020575,Canada-DFO-WCVANI,0.7059696676374787
HERRWCVANI,1992,0.258688399517612,U/Umsy,1.21710073308993,Canada-DFO-WCVANI,0.641762599645487
HERRWCVANI,1993,0.403276988257474,U/Umsy,1.18056251232429,Canada-DFO-WCVANI,0.5251442718451257
HERRWCVANI,1994,0.545353722408618,U/Umsy,0.939914230729908,Canada-DFO-WCVANI,0.4618850697563367
HERRWCVANI,1995,0.194874442388974,U/Umsy,0.849198648139354,Canada-DFO-WCVANI,0.35054838814316946
HERRWCVANI,1996,0.0447723296567995,U/Umsy,1.49932699003833,Canada-DFO-WCVANI,0.29706937067796635
HERRWCVANI,1997,0.427233304993075,U/Umsy,1.32293557944558,Canada-DFO-WCVANI,0.3030584498618666
HERRWCVANI,1998,0.656632797384168,U/Umsy,0.902116071317177,Canada-DFO-WCVANI,0.33087821860575406
HERRWCVANI,1999,0.548134732486879,U/Umsy,0.676587053487883,Canada-DFO-WCVANI,0.41919329113023035
HERRWCVANI,2000,0.194665357244385,U/Umsy,0.710605396959341,Canada-DFO-WCVANI,0.4566665480271267
HERRWCVANI,2001,0,U/Umsy,0.919755212376452,Canada-DFO-WCVANI,0.34985822177885795
HERRWCVANI,2002,0.0695594595669781,U/Umsy,1.00165122443737,Canada-DFO-WCVANI,0.20308988732456046
HERRWCVANI,2003,0.364761906965675,U/Umsy,0.818960120609169,Canada-DFO-WCVANI,0.15724668094425948
HERRWCVANI,2004,0.601881284169755,U/Umsy,0.627449446251333,Canada-DFO-WCVANI,0.25905066267560195
HERRWCVANI,2005,0.921835548498714,U/Umsy,0.393100857892401,Canada-DFO-WCVANI,0.48950954980028044
HERRWCVANI,2006,0,U/Umsy,0.361602391715125,Canada-DFO-WCVANI,0.4721196849085359
HERRWCVANI,2007,0,U/Umsy,0.246947974829842,Canada-DFO-WCVANI,0.3809292081671172
HERRWCVANI,2008,0,U/Umsy,0.275926563712936,Canada-DFO-WCVANI,0.23045888712467844
HERRWCVANI,2009,0,U/Umsy,0.206629938122929,Canada-DFO-WCVANI,-6.245004513516506e-17
HERRWCVANI,2010,0,U/Umsy,0.304905152596029,Canada-DFO-WCVANI,-6.245004513516506e-17
HERRWCVANI,2011,0,U/Umsy,0.238128404300205,Canada-DFO-WCVANI,-6.245004513516506e-17
HERRWCVANI,2012,0,U/Umsy,0.239388342947296,Canada-DFO-WCVANI,-6.245004513516506e-17
HERRWCVANI,2013,0,U/Umsy,0.410739998951676,Canada-DFO-WCVANI,-6.245004513516506e-17
HERRWCVANI,2014,0,U/Umsy,0.432158955952223,Canada-DFO-WCVANI,-6.245004513516506e-17
HERRWCVANI,2015,0,U/Umsy,0.710605396959341,Canada-DFO-WCVANI,-6.245004513516506e-17
LINGCODSOG,1951,2.35459219607478,U/Umsy,0.73474001507159,Canada-DFO-SOG,NA
LINGCODSOG,1952,2.78269986808837,U/Umsy,0.715900527505652,Canada-DFO-SOG,NA
LINGCODSOG,1953,2.28026794746131,U/Umsy,0.678221552373775,Canada-DFO-SOG,NA
LINGCODSOG,1954,2.93364820998939,U/Umsy,0.665661893996483,Canada-DFO-SOG,2.5878020554034626
LINGCODSOG,1955,2.62965137534351,U/Umsy,0.627982918864607,Canada-DFO-SOG,2.656566850220645
LINGCODSOG,1956,3.33837832471902,U/Umsy,0.608515448379804,Canada-DFO-SOG,2.7954864643783077
LINGCODSOG,1957,3.628603648587,U/Umsy,0.56706857573474,Canada-DFO-SOG,3.13257038965973
LINGCODSOG,1958,3.66538423484759,U/Umsy,0.525621703089676,Canada-DFO-SOG,3.31550439587428
LINGCODSOG,1959,3.9970014172092,U/Umsy,0.488570710876664,Canada-DFO-SOG,3.6573419063407027
LINGCODSOG,1960,4.01686801042046,U/Umsy,0.450263752825923,Canada-DFO-SOG,3.8269643277660625
LINGCODSOG,1961,3.83713098402321,U/Umsy,0.420120572720422,Canada-DFO-SOG,3.8790961616251147
LINGCODSOG,1962,3.8575341773263,U/Umsy,0.397513187641296,Canada-DFO-SOG,3.9271336472447924
LINGCODSOG,1963,3.26467835108365,U/Umsy,0.3761617683999,Canada-DFO-SOG,3.7440528807134053
LINGCODSOG,1964,3.18280308746377,U/Umsy,0.363602110022607,Canada-DFO-SOG,3.5355366499742327
LINGCODSOG,1965,3.10039980790171,U/Umsy,0.347902537050992,Canada-DFO-SOG,3.3513538559438576
LINGCODSOG,1966,3.06592963890225,U/Umsy,0.334714895754835,Canada-DFO-SOG,3.153452721337845
LINGCODSOG,1967,3.16538943737361,U/Umsy,0.319643305702085,Canada-DFO-SOG,3.128630492910335
LINGCODSOG,1968,3.22462453976224,U/Umsy,0.306455664405928,Canada-DFO-SOG,3.1390858559849524
LINGCODSOG,1969,3.31106060253553,U/Umsy,0.297663903541824,Canada-DFO-SOG,3.1917510546434076
LINGCODSOG,1970,3.70160240694613,U/Umsy,0.285732228083396,Canada-DFO-SOG,3.3506692466543777
LINGCODSOG,1971,2.92578195350427,U/Umsy,0.265636774679729,Canada-DFO-SOG,3.2907673756870426
LINGCODSOG,1972,2.63301919058728,U/Umsy,0.256845013815624,Canada-DFO-SOG,3.1428660383933025
LINGCODSOG,1973,2.04041640451641,U/Umsy,0.253077116302437,Canada-DFO-SOG,2.8252049888885225
LINGCODSOG,1974,2.07669309462536,U/Umsy,0.253705099221301,Canada-DFO-SOG,2.41897766080833
LINGCODSOG,1975,1.9978806213725,U/Umsy,0.249937201708114,Canada-DFO-SOG,2.187002327775388
LINGCODSOG,1976,1.87186769477079,U/Umsy,0.243657372519467,Canada-DFO-SOG,1.9967144538212651
LINGCODSOG,1977,2.36163344068026,U/Umsy,0.238633509168551,Canada-DFO-SOG,2.0770187128622277
LINGCODSOG,1978,2.94028370039724,U/Umsy,0.227329816628988,Canada-DFO-SOG,2.2929163643051975
LINGCODSOG,1979,3.41626099876921,U/Umsy,0.211002260738508,Canada-DFO-SOG,2.647511458654375
LINGCODSOG,1980,2.5622879973487,U/Umsy,0.190278824415976,Canada-DFO-SOG,2.820116534298853
LINGCODSOG,1981,2.8824294962279,U/Umsy,0.179603114795278,Canada-DFO-SOG,2.9503155481857624
LINGCODSOG,1982,3.19426330277702,U/Umsy,0.164531524742527,Canada-DFO-SOG,3.0138104487807076
LINGCODSOG,1983,3.04357798072166,U/Umsy,0.150715900527506,Canada-DFO-SOG,2.9206396942688198
LINGCODSOG,1984,1.84095646294929,U/Umsy,0.143808088419995,Canada-DFO-SOG,2.7403068106689674
LINGCODSOG,1985,1.33172065115658,U/Umsy,0.131876412961567,Canada-DFO-SOG,2.3526295994011375
LINGCODSOG,1986,1.24399021196562,U/Umsy,0.127480532529515,Canada-DFO-SOG,1.8650613266982874
LINGCODSOG,1987,0.770262798537864,U/Umsy,0.121828686259734,Canada-DFO-SOG,1.2967325311523386
LINGCODSOG,1988,0.518460922791203,U/Umsy,0.119316754584275,Canada-DFO-SOG,0.9661086461128168
LINGCODSOG,1989,0.48331102972061,U/Umsy,0.119316754584275,Canada-DFO-SOG,0.7540062407538243
PANDALSMA14,1999,0.259204541251655,U/Umsy,2.88320500516248,Canada-DFO-SMA-14,NA
PANDALSMA14,2000,0.31170962772898,U/Umsy,1.74089713979534,Canada-DFO-SMA-14,NA
PANDALSMA14,2001,0.322180834549796,U/Umsy,1.55134386955974,Canada-DFO-SMA-14,NA
PANDALSMA14,2002,0.193886653462544,U/Umsy,4.39464292309368,Canada-DFO-SMA-14,0.2717454142482437
PANDALSMA14,2003,0.280820289888635,U/Umsy,1.83068553095957,Canada-DFO-SMA-14,0.27714935140748875
PANDALSMA14,2004,0.256145875528538,U/Umsy,1.89553270235596,Canada-DFO-SMA-14,0.2632584133573782
PANDALSMA14,2005,0.32224559451654,U/Umsy,0.496330273380046,Canada-DFO-SMA-14,0.2632746033490642
PANDALSMA14,2006,0.319428974188529,U/Umsy,0.947766351177978,Canada-DFO-SMA-14,0.2946601835305605
PANDALSMA14,2007,0.139959445713633,U/Umsy,1.64612050467754,Canada-DFO-SMA-14,0.25944497248681
PANDALSMA14,2008,0.186333568276642,U/Umsy,0.947766351177978,Canada-DFO-SMA-14,0.24199189567383597
PANDALSMA14,2009,0.0650326757995063,U/Umsy,3.47680603563711,Canada-DFO-SMA-14,0.17768866599457755
PANDALSMA14,2010,0.135773657928847,U/Umsy,2.10005070445226,Canada-DFO-SMA-14,0.13177483692965705
PANDALSMAFR,1998,0.324406799644014,U/Umsy,3.10093760613522,Canada-DFO-SMA-FR,NA
PANDALSMAFR,1999,0.351805431930002,U/Umsy,1.79059877065552,Canada-DFO-SMA-FR,NA
PANDALSMAFR,2000,0.32321868938319,U/Umsy,2.76890604601367,Canada-DFO-SMA-FR,NA
PANDALSMAFR,2001,0.343093297104834,U/Umsy,2.70961469599196,Canada-DFO-SMA-FR,0.33563105451551
PANDALSMAFR,2002,0.74295782098318,U/Umsy,0.610700905223571,Canada-DFO-SMA-FR,0.4402688098503015
PANDALSMAFR,2003,0.300780760962937,U/Umsy,0.966449005353807,Canada-DFO-SMA-FR,0.42751264210853523
PANDALSMAFR,2004,0.308648891293128,U/Umsy,0.753000145275666,Canada-DFO-SMA-FR,0.42387019258601977
PANDALSMAFR,2005,0.315813874974501,U/Umsy,0.610700905223571,Canada-DFO-SMA-FR,0.4170503370534365
PANDALSMAFR,2006,0.301064022209796,U/Umsy,1.09688997540156,Canada-DFO-SMA-FR,0.3065768873600905
PANDALSMAFR,2007,0.291544909540987,U/Umsy,1.06131516538854,Canada-DFO-SMA-FR,0.304267924504603
PANDALSMAFR,2008,0.304659830442694,U/Umsy,1.60086645058606,Canada-DFO-SMA-FR,0.3032706592919945
PANDALSMAFR,2009,0.271166441239383,U/Umsy,3.73535505136748,Canada-DFO-SMA-FR,0.292108800858215
PANDALSMAFR,2010,0.292323001995889,U/Umsy,1.7135200156273,Canada-DFO-SMA-FR,0.2899235458047383
PANDALSMAPRD,1998,0.241202500224714,U/Umsy,1.75198670726695,Canada-DFO-SMA-PRD,NA
PANDALSMAPRD,1999,0.165064678038397,U/Umsy,4.29732588574913,Canada-DFO-SMA-PRD,NA
PANDALSMAPRD,2000,0.21660748067055,U/Umsy,1.45447953056124,Canada-DFO-SMA-PRD,NA
PANDALSMAPRD,2001,0.0984045983926485,U/Umsy,2.12800272227,Canada-DFO-SMA-PRD,0.18031981433157737
PANDALSMAPRD,2002,0.147416530309753,U/Umsy,1.31812207457113,Canada-DFO-SMA-PRD,0.15687332185283712
PANDALSMAPRD,2003,0.0711452247595334,U/Umsy,2.02056957512627,Canada-DFO-SMA-PRD,0.1333934585331212
PANDALSMAPRD,2004,0.109113343513207,U/Umsy,1.1445762214928,Canada-DFO-SMA-PRD,0.10651992424378547
PANDALSMAPRD,2005,0.0843974573601815,U/Umsy,2.12800272227,Canada-DFO-SMA-PRD,0.10301813898566872
PANDALSMAPRD,2006,0.0897380237905002,U/Umsy,2.39658559012932,Canada-DFO-SMA-PRD,0.08859851235585552
PANDALSMAPRD,2007,0.0639186625595493,U/Umsy,2.16932316347913,Canada-DFO-SMA-PRD,0.0867918718058595
PANDALSMAPRD,2008,0.0138587576370249,U/Umsy,2.9130911052434,Canada-DFO-SMA-PRD,0.06297822533681396
PANDALSMAPRD,2009,0.0128978729807662,U/Umsy,3.3056352967301,Canada-DFO-SMA-PRD,0.045103329241960144
PANDALSMAPRD,2010,0.020644536975755,U/Umsy,2.37592536952476,Canada-DFO-SMA-PRD,0.02782995753827384
PCOD5AB,1956,0.960735315943242,U/Umsy,2.33183111078276,Canada-DFO-5AB,NA
PCOD5AB,1957,1.36447851347838,U/Umsy,2.5251883934838,Canada-DFO-5AB,NA
PCOD5AB,1958,0.764566707572435,U/Umsy,1.91914317904769,Canada-DFO-5AB,NA
PCOD5AB,1959,0.75957483788572,U/Umsy,1.61612057182963,Canada-DFO-5AB,0.9623388437199443
PCOD5AB,1960,0.611861128750222,U/Umsy,1.26115123194562,Canada-DFO-5AB,0.8751202969216892
PCOD5AB,1961,0.344797724336872,U/Umsy,0.984101991060545,Canada-DFO-5AB,0.6202000996363123
PCOD5AB,1962,0.626594722491144,U/Umsy,0.819604004285028,Canada-DFO-5AB,0.5857071033659895
PCOD5AB,1963,1.21344076913558,U/Umsy,0.758999482841417,Canada-DFO-5AB,0.6991735861784546
PCOD5AB,1964,0.70316214780225,U/Umsy,2.3289451811902,Canada-DFO-5AB,0.7219988409414615
PCOD5AB,1965,0.889944292663212,U/Umsy,2.91478888847845,Canada-DFO-5AB,0.8582854830230465
PCOD5AB,1966,0.98877290438538,U/Umsy,2.39820749141147,Canada-DFO-5AB,0.9488300284966056
PCOD5AB,1967,1.12172903665918,U/Umsy,1.74021554430941,Canada-DFO-5AB,0.9259020953775055
PCOD5AB,1968,1.06718868826209,U/Umsy,1.20920449927967,Canada-DFO-5AB,1.0169087304924656
PCOD5AB,1969,0.967264335519541,U/Umsy,0.883094455321192,Canada-DFO-5AB,1.0362387412065477
PCOD5AB,1970,0.424920175652105,U/Umsy,0.857121088988216,Canada-DFO-5AB,0.8952755590232291
PCOD5AB,1971,1.24171817305192,U/Umsy,0.981216061467992,Canada-DFO-5AB,0.9252728431214141
PCOD5AB,1972,1.10410732456597,U/Umsy,2.87149994459015,Canada-DFO-5AB,0.9345025021973841
PCOD5AB,1973,0.734233354500269,U/Umsy,3.31881903143585,Canada-DFO-5AB,0.8762447569425661
PCOD5AB,1974,0.884238018322902,U/Umsy,3.31881903143585,Canada-DFO-5AB,0.9910742176102654
PCOD5AB,1975,0.942256186616974,U/Umsy,3.43425621513797,Canada-DFO-5AB,0.9162087210015288
PCOD5AB,1976,0.95415978291664,U/Umsy,3.11680395995715,Canada-DFO-5AB,0.8787218355891964
PCOD5AB,1977,0.647840865823907,U/Umsy,2.7704924088508,Canada-DFO-5AB,0.8571237134201058
PCOD5AB,1978,0.939561252309845,U/Umsy,2.73297532414761,Canada-DFO-5AB,0.8709545219168415
PCOD5AB,1979,1.1687814291365,U/Umsy,2.32028739241255,Canada-DFO-5AB,0.927585832546723
PCOD5AB,1980,1.00447738007078,U/Umsy,1.68249695245835,Canada-DFO-5AB,0.940165231835258
PCOD5AB,1981,0.870625660332078,U/Umsy,1.22940600642754,Canada-DFO-5AB,0.9958614304623008
PCOD5AB,1982,0.82946048676454,U/Umsy,0.935041187987145,Canada-DFO-5AB,0.9683362390759745
PCOD5AB,1983,0.332784513156528,U/Umsy,0.724368327730782,Canada-DFO-5AB,0.7593370100809815
PCOD5AB,1984,0.719074988471875,U/Umsy,0.721482398138229,Canada-DFO-5AB,0.6879864121812553
PCOD5AB,1985,0.614431588105811,U/Umsy,0.620474862398877,Canada-DFO-5AB,0.6239378941246886
PCOD5AB,1986,0.623201509036907,U/Umsy,0.657991947102065,Canada-DFO-5AB,0.5723731496927803
PCOD5AB,1987,1.77061526028413,U/Umsy,2.37512005467105,Canada-DFO-5AB,0.9318308364746808
PCOD5AB,1988,1.22781979948698,U/Umsy,1.97397584130619,Canada-DFO-5AB,1.059017039228457
PCOD5AB,1989,0.67582235758635,U/Umsy,1.53531454323815,Canada-DFO-5AB,1.0743647315985918
PCOD5AB,1990,0.791475931624022,U/Umsy,1.44007886668391,Canada-DFO-5AB,1.1164333372453705
PCOD5AB,1991,1.55302612475651,U/Umsy,1.86431051678918,Canada-DFO-5AB,1.0620360533634654
PCOD5AB,1992,1.69212095726515,U/Umsy,1.44007886668391,Canada-DFO-5AB,1.1781113428080081
PCOD5AB,1993,2.00119115119967,U/Umsy,0.975444202282886,Canada-DFO-5AB,1.5094535412113381
PCOD5AB,1994,1.51922337081732,U/Umsy,0.507923608289313,Canada-DFO-5AB,1.6913904010096625
PCOD5AB,1995,1.12058960574946,U/Umsy,0.320338184773374,Canada-DFO-5AB,1.5832812712579
PCOD5AB,1996,1.16778040720616,U/Umsy,0.249055723837317,Canada-DFO-5AB,1.4521961337431526
PCOD5AB,1997,1.14994661282526,U/Umsy,0.195954619334343,Canada-DFO-5AB,1.23938499914955
PCOD5AB,1998,1.332805064635,U/Umsy,0.162189243101474,Canada-DFO-5AB,1.19278042260397
PCOD5AB,1999,1.42002729785428,U/Umsy,0.117168741457648,Canada-DFO-5AB,1.267639845630175
PCOD5AB,2000,1.13915428223281,U/Umsy,0.0770543201211629,Canada-DFO-5AB,1.2604833143868375
PCOD5AB,2001,0.617387616364741,U/Umsy,0.25251883934838,Canada-DFO-5AB,1.1273435652717079
PCOD5AB,2002,0.825384513856607,U/Umsy,0.349197480698903,Canada-DFO-5AB,1.0004884275771095
PCOD5AB,2003,1.35034305423744,U/Umsy,0.340539691921244,Canada-DFO-5AB,0.9830673666728995
PCOD5AB,2004,1.47446689555344,U/Umsy,0.360741199069115,Canada-DFO-5AB,1.066895520003057
PCOD5AB,2005,1.559649846233,U/Umsy,0.291478888847845,Canada-DFO-5AB,1.3024610774701217
PCOD5AB,2006,1.47833846875085,U/Umsy,0.187874016475195,Canada-DFO-5AB,1.4656995661936825
PCOD5AB,2007,0.810274499872959,U/Umsy,0.126115123194562,Canada-DFO-5AB,1.3306824276025622
PCOD5AB,2008,0.221908545974018,U/Umsy,0.206632558826789,Canada-DFO-5AB,1.0175428402077067
PCOD5AB,2009,0.653365124520137,U/Umsy,0.308794466403162,Canada-DFO-5AB,0.790971659779491
PCOD5AB,2010,1.4597977088209,U/Umsy,0.441547227660596,Canada-DFO-5AB,0.7863364697970034
PCOD5AB,2011,1.30469245005287,U/Umsy,0.36651305825422,Canada-DFO-5AB,0.9099409573419812
PCOD5AB,2012,0.845242091072822,U/Umsy,0.275894869048059,Canada-DFO-5AB,1.0657743436166822
PCODHS,1956,0.584602111993365,U/Umsy,1.04293308541324,Canada-DFO-HS,NA
PCODHS,1957,0.767162377489843,U/Umsy,1.28261335970075,Canada-DFO-HS,NA
PCODHS,1958,1.21273420628489,U/Umsy,1.41864810997205,Canada-DFO-HS,NA
PCODHS,1959,0.881788855820503,U/Umsy,1.20487921668859,Canada-DFO-HS,0.8615718878971502
PCODHS,1960,0.674914631484929,U/Umsy,1.0688444664173,Canada-DFO-HS,0.8841500177700412
PCODHS,1961,0.451200144903263,U/Umsy,1.0234995496602,Canada-DFO-HS,0.8051594596233962
PCODHS,1962,0.521656092508928,U/Umsy,1.19192352618656,Canada-DFO-HS,0.6323899311794057
PCODHS,1963,0.46763959403307,U/Umsy,1.78140744402883,Canada-DFO-HS,0.5288526157325475
PCODHS,1964,0.724929378061945,U/Umsy,2.66887224341773,Canada-DFO-HS,0.5413563023768014
PCODHS,1965,0.979368328649951,U/Umsy,2.73365069592787,Canada-DFO-HS,0.6733983483134734
PCODHS,1966,1.24433191508145,U/Umsy,2.22190092109777,Canada-DFO-HS,0.854067303956604
PCODHS,1967,1.11225639768268,U/Umsy,1.60650562225145,Canada-DFO-HS,1.0152215048690065
PCODHS,1968,1.03685618301946,U/Umsy,1.17896783568453,Canada-DFO-HS,1.0932032061083852
PCODHS,1969,0.871115028267337,U/Umsy,0.89394264463992,Canada-DFO-HS,1.0661398810127318
PCODHS,1970,0.495066825657747,U/Umsy,0.725518668113558,Canada-DFO-HS,0.878823608656806
PCODHS,1971,0.534230327078947,U/Umsy,0.751430049117614,Canada-DFO-HS,0.7343170910058727
PCODHS,1972,0.556438746193832,U/Umsy,1.56763855074537,Canada-DFO-HS,0.6142127317994658
PCODHS,1973,0.575667838260088,U/Umsy,2.00813202781431,Canada-DFO-HS,0.5403509342976536
PCODHS,1974,0.796855407652934,U/Umsy,2.03404340881837,Canada-DFO-HS,0.6157980797964503
PCODHS,1975,0.957969520412355,U/Umsy,1.73606252727173,Canada-DFO-HS,0.7217328781298022
PCODHS,1976,0.912385810569242,U/Umsy,1.39273672896799,Canada-DFO-HS,0.8107196442236547
PCODHS,1977,0.844819918769487,U/Umsy,1.28261335970075,Canada-DFO-HS,0.8780076643510044
PCODHS,1978,0.611075734659516,U/Umsy,1.18544568093555,Canada-DFO-HS,0.83156274610265
PCODHS,1979,1.2735836769862,U/Umsy,1.36034750271292,Canada-DFO-HS,0.9104662852461112
PCODHS,1980,1.05515643389488,U/Umsy,1.22431275244163,Canada-DFO-HS,0.9461589410775207
PCODHS,1981,0.70549901908289,U/Umsy,1.14657860942946,Canada-DFO-HS,0.9113287161558715
PCODHS,1982,0.68141125816476,U/Umsy,1.12066722842541,Canada-DFO-HS,0.9289125970321824
PCODHS,1983,0.704891528538329,U/Umsy,1.01054385915817,Canada-DFO-HS,0.7867395599202147
PCODHS,1984,0.567665689072346,U/Umsy,0.919854025643976,Canada-DFO-HS,0.6648668737145813
PCODHS,1985,0.357111321212973,U/Umsy,0.887464799388906,Canada-DFO-HS,0.577769949247102
PCODHS,1986,0.689887924856395,U/Umsy,1.67128407476159,Canada-DFO-HS,0.5798891159200108
PCODHS,1987,1.2211861711118,U/Umsy,2.35793567136906,Canada-DFO-HS,0.7089627765633785
PCODHS,1988,0.947217641660954,U/Umsy,1.96926495630823,Canada-DFO-HS,0.8038507647105305
PCODHS,1989,0.668950438574878,U/Umsy,1.56116070549435,Canada-DFO-HS,0.8818105440510068
PCODHS,1990,0.752198606116754,U/Umsy,1.4445594909761,Canada-DFO-HS,0.8973882143660965
PCODHS,1991,1.63397089117808,U/Umsy,1.43160380047407,Canada-DFO-HS,1.0005843943826664
PCODHS,1992,1.53179500174103,U/Umsy,1.03645524016223,Canada-DFO-HS,1.1467287344026855
PCODHS,1993,1.40615619388503,U/Umsy,0.725518668113558,Canada-DFO-HS,1.3310301732302234
PCODHS,1994,0.684009962086725,U/Umsy,0.516284266505809,Canada-DFO-HS,1.3139830122227163
PCODHS,1995,0.643989366709263,U/Umsy,0.478064979524827,Canada-DFO-HS,1.066487631105512
PCODHS,1996,0.763186181541354,U/Umsy,0.450858029470568,Canada-DFO-HS,0.874335426055593
PCODHS,1997,0.891438657132922,U/Umsy,0.402921974613065,Canada-DFO-HS,0.745656041867566
PCODHS,1998,0.760089454312519,U/Umsy,0.347860289979447,Canada-DFO-HS,0.7646759149240144
PCODHS,1999,0.56948863605074,U/Umsy,0.326483400651101,Canada-DFO-HS,0.7460507322593837
PCODHS,2000,0.50420180485564,U/Umsy,0.307697649423161,Canada-DFO-HS,0.6813046380879553
PCODHS,2001,0.22975180415453,U/Umsy,0.281138483894004,Canada-DFO-HS,0.5158829248433572
PCODHS,2002,0.168361549494274,U/Umsy,0.485838393826043,Canada-DFO-HS,0.367950948638796
PCODHS,2003,0.209218552388695,U/Umsy,0.660740215603419,Canada-DFO-HS,0.2778834277232848
PCODHS,2004,0.242552806501475,U/Umsy,0.693129441858489,Canada-DFO-HS,0.21247117813474353
PCODHS,2005,0.345023585204362,U/Umsy,0.646488956051189,Canada-DFO-HS,0.24128912339720152
PCODHS,2006,0.363820261885467,U/Umsy,0.567459243988819,Canada-DFO-HS,0.29015380149499975
PCODHS,2007,0.177671041412524,U/Umsy,0.513045343880302,Canada-DFO-HS,0.282266923750957
PCODHS,2008,0.131772918468414,U/Umsy,0.636772188174668,Canada-DFO-HS,0.25457195174269176
PCODHS,2009,0.21043920612337,U/Umsy,0.790297120623697,Canada-DFO-HS,0.22092585697244377
PCODHS,2010,0.342606799763147,U/Umsy,0.880986954137892,Canada-DFO-HS,0.21562249144186377
PCODHS,2011,0.306747288054604,U/Umsy,0.855075573133836,Canada-DFO-HS,0.24789155310238375
PCODHS,2012,0.257187101277318,U/Umsy,0.822686346878767,Canada-DFO-HS,0.27924509880460974
PCODWCVANI,1956,1.01769911504425,F/Fmsy,1.88679245283019,Canada-DFO-WCVANI,NA
PCODWCVANI,1956,1.01769911504425,U/Umsy,1.88679245283019,Canada-DFO-WCVANI,NA
PCODWCVANI,1957,0.809734513274336,F/Fmsy,1.5450898826326,Canada-DFO-WCVANI,NA
PCODWCVANI,1957,0.809734513274336,U/Umsy,1.5450898826326,Canada-DFO-WCVANI,0.9137168141592931
PCODWCVANI,1958,0.429203539823009,F/Fmsy,1.37126727083643,Canada-DFO-WCVANI,0.7665929203539827
PCODWCVANI,1958,0.429203539823009,U/Umsy,1.37126727083643,Canada-DFO-WCVANI,0.6194690265486725
PCODWCVANI,1959,0.615044247787611,F/Fmsy,1.27172782647452,Canada-DFO-WCVANI,0.5707964601769913
PCODWCVANI,1959,0.615044247787611,U/Umsy,1.27172782647452,Canada-DFO-WCVANI,0.5221238938053101
PCODWCVANI,1960,0.84070796460177,F/Fmsy,1.10236220472441,Canada-DFO-WCVANI,0.6250000000000003
PCODWCVANI,1960,0.84070796460177,U/Umsy,1.10236220472441,Canada-DFO-WCVANI,0.7278761061946906
PCODWCVANI,1961,0.712389380530973,F/Fmsy,0.979052146783539,Canada-DFO-WCVANI,0.752212389380531
PCODWCVANI,1961,0.712389380530973,U/Umsy,0.979052146783539,Canada-DFO-WCVANI,0.7765486725663715
PCODWCVANI,1962,0.800884955752212,F/Fmsy,1.10533353142178,Canada-DFO-WCVANI,0.7665929203539821
PCODWCVANI,1962,0.800884955752212,U/Umsy,1.10533353142178,Canada-DFO-WCVANI,0.7566371681415925
PCODWCVANI,1963,0.495575221238938,F/Fmsy,1.90164908631704,Canada-DFO-WCVANI,0.7024336283185838
PCODWCVANI,1963,0.495575221238938,U/Umsy,1.90164908631704,Canada-DFO-WCVANI,0.648230088495575
PCODWCVANI,1964,0.539823008849557,F/Fmsy,2.25820829000149,Canada-DFO-WCVANI,0.5829646017699113
PCODWCVANI,1964,0.539823008849557,U/Umsy,2.25820829000149,Canada-DFO-WCVANI,0.5176991150442476
PCODWCVANI,1965,1.28761061946903,F/Fmsy,2.25820829000149,Canada-DFO-WCVANI,0.7157079646017706
PCODWCVANI,1965,1.28761061946903,U/Umsy,2.25820829000149,Canada-DFO-WCVANI,0.9137168141592935
PCODWCVANI,1966,0.902654867256637,F/Fmsy,1.96107562026445,Canada-DFO-WCVANI,1.0044247787610636
PCODWCVANI,1966,0.902654867256637,U/Umsy,1.96107562026445,Canada-DFO-WCVANI,1.0951327433628335
PCODWCVANI,1967,1.11504424778761,F/Fmsy,1.70851285098797,Canada-DFO-WCVANI,1.0519911504424786
PCODWCVANI,1967,1.11504424778761,U/Umsy,1.70851285098797,Canada-DFO-WCVANI,1.0088495575221235
PCODWCVANI,1968,1.17256637168142,F/Fmsy,1.39058089436934,Canada-DFO-WCVANI,1.0763274336283193
PCODWCVANI,1968,1.17256637168142,U/Umsy,1.39058089436934,Canada-DFO-WCVANI,1.143805309734515
PCODWCVANI,1969,0.845132743362832,F/Fmsy,1.2940127767048,Canada-DFO-WCVANI,1.0763274336283206
PCODWCVANI,1969,0.845132743362832,U/Umsy,1.2940127767048,Canada-DFO-WCVANI,1.0088495575221261
PCODWCVANI,1970,0.880530973451327,F/Fmsy,1.60451641658,Canada-DFO-WCVANI,0.9358407079646028
PCODWCVANI,1970,0.880530973451327,U/Umsy,1.60451641658,Canada-DFO-WCVANI,0.8628318584070795
PCODWCVANI,1971,1.13274336283186,F/Fmsy,2.48105779230426,Canada-DFO-WCVANI,0.9347345132743365
PCODWCVANI,1971,1.13274336283186,U/Umsy,2.48105779230426,Canada-DFO-WCVANI,1.0066371681415935
PCODWCVANI,1972,1.22566371681416,F/Fmsy,2.48105779230426,Canada-DFO-WCVANI,1.0929203539823018
PCODWCVANI,1972,1.22566371681416,U/Umsy,2.48105779230426,Canada-DFO-WCVANI,1.17920353982301
PCODWCVANI,1973,1,F/Fmsy,2.005645520725,Canada-DFO-WCVANI,1.146017699115045
PCODWCVANI,1973,1,U/Umsy,2.005645520725,Canada-DFO-WCVANI,1.11283185840708
PCODWCVANI,1974,1.01327433628319,F/Fmsy,2.80790372901501,Canada-DFO-WCVANI,1.0597345132743374
PCODWCVANI,1974,1.01327433628319,U/Umsy,2.80790372901501,Canada-DFO-WCVANI,1.006637168141595
PCODWCVANI,1975,1.39823008849558,F/Fmsy,3.03075323131778,Canada-DFO-WCVANI,1.10619469026549
PCODWCVANI,1975,1.39823008849558,U/Umsy,3.03075323131778,Canada-DFO-WCVANI,1.2057522123893851
PCODWCVANI,1976,1.4070796460177,F/Fmsy,2.65933739414649,Canada-DFO-WCVANI,1.3042035398230125
PCODWCVANI,1976,1.4070796460177,U/Umsy,2.65933739414649,Canada-DFO-WCVANI,1.4026548672566401
PCODWCVANI,1977,1.06194690265487,F/Fmsy,2.18392512256723,Canada-DFO-WCVANI,1.3185840707964624
PCODWCVANI,1977,1.06194690265487,U/Umsy,2.18392512256723,Canada-DFO-WCVANI,1.234513274336285
PCODWCVANI,1978,0.526548672566372,F/Fmsy,1.81250928539593,Canada-DFO-WCVANI,1.014380530973453
PCODWCVANI,1978,0.526548672566372,U/Umsy,1.81250928539593,Canada-DFO-WCVANI,0.7942477876106211
PCODWCVANI,1979,0.380530973451327,F/Fmsy,1.61937305006685,Canada-DFO-WCVANI,0.6238938053097353
PCODWCVANI,1979,0.380530973451327,U/Umsy,1.61937305006685,Canada-DFO-WCVANI,0.45353982300884954
PCODWCVANI,1980,0.438053097345133,F/Fmsy,1.40246620115882,Canada-DFO-WCVANI,0.43141592920353977
PCODWCVANI,1980,0.438053097345133,U/Umsy,1.40246620115882,Canada-DFO-WCVANI,0.40929203539823006
PCODWCVANI,1981,0.70353982300885,F/Fmsy,1.12910414500074,Canada-DFO-WCVANI,0.4900442477876108
PCODWCVANI,1981,0.70353982300885,U/Umsy,1.12910414500074,Canada-DFO-WCVANI,0.5707964601769915
PCODWCVANI,1982,0.65929203539823,F/Fmsy,0.829000148566335,Canada-DFO-WCVANI,0.6261061946902657
PCODWCVANI,1982,0.65929203539823,U/Umsy,0.829000148566335,Canada-DFO-WCVANI,0.68141592920354
PCODWCVANI,1983,1.19026548672566,F/Fmsy,0.638835239934631,Canada-DFO-WCVANI,0.8030973451327426
PCODWCVANI,1983,1.19026548672566,U/Umsy,0.638835239934631,Canada-DFO-WCVANI,0.924778761061945
PCODWCVANI,1984,0.845132743362832,F/Fmsy,0.491754568414797,Canada-DFO-WCVANI,0.9712389380530955
PCODWCVANI,1984,0.845132743362832,U/Umsy,0.491754568414797,Canada-DFO-WCVANI,1.017699115044246
PCODWCVANI,1985,1.29203539823009,F/Fmsy,0.43529936116476,Canada-DFO-WCVANI,1.0431415929203536
PCODWCVANI,1985,1.29203539823009,U/Umsy,0.43529936116476,Canada-DFO-WCVANI,1.0685840707964611
PCODWCVANI,1986,0.588495575221239,F/Fmsy,0.811172188382113,Canada-DFO-WCVANI,1.0044247787610627
PCODWCVANI,1986,0.588495575221239,U/Umsy,0.811172188382113,Canada-DFO-WCVANI,0.9402654867256646
PCODWCVANI,1987,1.00884955752212,F/Fmsy,1.07859159114545,Canada-DFO-WCVANI,0.869469026548672
PCODWCVANI,1987,1.00884955752212,U/Umsy,1.07859159114545,Canada-DFO-WCVANI,0.7986725663716795
PCODWCVANI,1988,1.1858407079646,F/Fmsy,2.49591442579112,Canada-DFO-WCVANI,0.9480088495575197
PCODWCVANI,1988,1.1858407079646,U/Umsy,2.49591442579112,Canada-DFO-WCVANI,1.09734513274336
PCODWCVANI,1989,1.29646017699115,F/Fmsy,2.55534095973852,Canada-DFO-WCVANI,1.1692477876106175
PCODWCVANI,1989,1.29646017699115,U/Umsy,2.55534095973852,Canada-DFO-WCVANI,1.241150442477875
PCODWCVANI,1990,1.15486725663717,F/Fmsy,1.90164908631704,Canada-DFO-WCVANI,1.2334070796460175
PCODWCVANI,1990,1.15486725663717,U/Umsy,1.90164908631704,Canada-DFO-WCVANI,1.22566371681416
PCODWCVANI,1991,3.22566371681416,F/Fmsy,1.50051998217204,Canada-DFO-WCVANI,1.7079646017699126
PCODWCVANI,1991,3.22566371681416,U/Umsy,1.50051998217204,Canada-DFO-WCVANI,2.1902654867256652
PCODWCVANI,1992,2.54424778761062,F/Fmsy,0.938939236369039,Canada-DFO-WCVANI,2.5376106194690276
PCODWCVANI,1992,2.54424778761062,U/Umsy,0.938939236369039,Canada-DFO-WCVANI,2.8849557522123903
PCODWCVANI,1993,2.10176991150442,F/Fmsy,0.67003417025702,Canada-DFO-WCVANI,2.603982300884955
PCODWCVANI,1993,2.10176991150442,U/Umsy,0.67003417025702,Canada-DFO-WCVANI,2.32300884955752
PCODWCVANI,1994,2.29203539823009,F/Fmsy,0.476897934927945,Canada-DFO-WCVANI,2.2599557522123876
PCODWCVANI,1994,2.29203539823009,U/Umsy,0.476897934927945,Canada-DFO-WCVANI,2.1969026548672552
PCODWCVANI,1995,1.22566371681416,F/Fmsy,0.300103996434408,Canada-DFO-WCVANI,1.9778761061946901
PCODWCVANI,1995,1.22566371681416,U/Umsy,0.300103996434408,Canada-DFO-WCVANI,1.758849557522125
PCODWCVANI,1996,1.10619469026549,F/Fmsy,0.271876392809389,Canada-DFO-WCVANI,1.4623893805309751
PCODWCVANI,1996,1.10619469026549,U/Umsy,0.271876392809389,Canada-DFO-WCVANI,1.165929203539825
PCODWCVANI,1997,0.561946902654867,F/Fmsy,0.276333382855445,Canada-DFO-WCVANI,1.0000000000000018
PCODWCVANI,1997,0.561946902654867,U/Umsy,0.276333382855445,Canada-DFO-WCVANI,0.8340707964601786
PCODWCVANI,1998,0.247787610619469,F/Fmsy,0.292675679690982,Canada-DFO-WCVANI,0.6194690265486733
PCODWCVANI,1998,0.247787610619469,U/Umsy,0.292675679690982,Canada-DFO-WCVANI,0.40486725663716805
PCODWCVANI,1999,0.261061946902655,F/Fmsy,0.433813697816075,Canada-DFO-WCVANI,0.32964601769911506
PCODWCVANI,1999,0.261061946902655,U/Umsy,0.433813697816075,Canada-DFO-WCVANI,0.25442477876106206
PCODWCVANI,2000,0.261061946902655,F/Fmsy,0.52146783538850106,Canada-DFO-WCVANI,0.25774336283185856
PCODWCVANI,2000,0.261061946902655,U/Umsy,0.52146783538850106,Canada-DFO-WCVANI,0.26106194690265505
PCODWCVANI,2001,0.469026548672566,F/Fmsy,0.668548506908335,Canada-DFO-WCVANI,0.31305309734513276
PCODWCVANI,2001,0.469026548672566,U/Umsy,0.668548506908335,Canada-DFO-WCVANI,0.3650442477876105
PERCHQCI,1940,1.76e-4,U/Umsy,3.68,Canada-DFO-QCI,NA
PERCHQCI,1941,5.6e-4,U/Umsy,3.68,Canada-DFO-QCI,NA
PERCHQCI,1942,0.00114,U/Umsy,3.68,Canada-DFO-QCI,NA
PERCHQCI,1943,0.00341,U/Umsy,3.67,Canada-DFO-QCI,0.0013215
PERCHQCI,1944,0.00256,U/Umsy,3.67,Canada-DFO-QCI,0.0019175
PERCHQCI,1945,0.0122,U/Umsy,3.66,Canada-DFO-QCI,0.0048275
PERCHQCI,1946,0.00861,U/Umsy,3.63,Canada-DFO-QCI,0.006695
PERCHQCI,1947,0.00313,U/Umsy,3.61,Canada-DFO-QCI,0.006625
PERCHQCI,1948,0.00498,U/Umsy,3.61,Canada-DFO-QCI,0.00723
PERCHQCI,1949,0.00613,U/Umsy,3.62,Canada-DFO-QCI,0.0057125
PERCHQCI,1950,0.00912,U/Umsy,3.63,Canada-DFO-QCI,0.00584
PERCHQCI,1951,0.00498,U/Umsy,3.64,Canada-DFO-QCI,0.0063025
PERCHQCI,1952,0.00579,U/Umsy,3.64,Canada-DFO-QCI,0.006505
PERCHQCI,1953,0.002,U/Umsy,3.64,Canada-DFO-QCI,0.0054725
PERCHQCI,1954,0.00243,U/Umsy,3.64,Canada-DFO-QCI,0.0038
PERCHQCI,1955,0.00384,U/Umsy,3.66,Canada-DFO-QCI,0.003515
PERCHQCI,1956,1.54e-4,U/Umsy,3.7,Canada-DFO-QCI,0.002106
PERCHQCI,1957,3.04e-4,U/Umsy,3.66,Canada-DFO-QCI,0.001682
PERCHQCI,1958,8.87e-4,U/Umsy,3.61,Canada-DFO-QCI,0.0012962499999999999
PERCHQCI,1959,1.48e-7,U/Umsy,3.63,Canada-DFO-QCI,3.3628699999999995e-4
PERCHQCI,1960,5.11e-7,U/Umsy,3.6,Canada-DFO-QCI,2.9791474999999997e-4
PERCHQCI,1961,6.85e-5,U/Umsy,3.52,Canada-DFO-QCI,2.3903974999999993e-4
PERCHQCI,1962,3.77e-7,U/Umsy,3.39,Canada-DFO-QCI,1.7383999999999934e-5
PERCHQCI,1963,1.98e-4,U/Umsy,3.13,Canada-DFO-QCI,6.684699999999992e-5
PERCHQCI,1964,7.98e-4,U/Umsy,2.84,Canada-DFO-QCI,2.662192499999999e-4
PERCHQCI,1965,0.768,U/Umsy,2.71,Canada-DFO-QCI,0.19224909425
PERCHQCI,1966,1.33,U/Umsy,2.45,Canada-DFO-QCI,0.524749
PERCHQCI,1967,0.761,U/Umsy,1.81,Canada-DFO-QCI,0.7149495
PERCHQCI,1968,1.22,U/Umsy,1.45,Canada-DFO-QCI,1.01975
PERCHQCI,1969,0.548,U/Umsy,1.2,Canada-DFO-QCI,0.96475
PERCHQCI,1970,0.279,U/Umsy,1.17,Canada-DFO-QCI,0.702
PERCHQCI,1971,0.475,U/Umsy,1.01,Canada-DFO-QCI,0.6305
PERCHQCI,1972,0.711,U/Umsy,0.92,Canada-DFO-QCI,0.5032499999999999
PERCHQCI,1973,0.613,U/Umsy,0.897,Canada-DFO-QCI,0.5194999999999999
PERCHQCI,1974,0.463,U/Umsy,0.869,Canada-DFO-QCI,0.5654999999999999
PERCHQCI,1975,0.385,U/Umsy,0.895,Canada-DFO-QCI,0.5429999999999999
PERCHQCI,1976,0.453,U/Umsy,0.945,Canada-DFO-QCI,0.4784999999999999
PERCHQCI,1977,0.898,U/Umsy,1.01,Canada-DFO-QCI,0.54975
PERCHQCI,1978,1.05,U/Umsy,1.11,Canada-DFO-QCI,0.6964999999999999
PERCHQCI,1979,0.572,U/Umsy,1.18,Canada-DFO-QCI,0.7432499999999999
PERCHQCI,1980,0.513,U/Umsy,1.24,Canada-DFO-QCI,0.7582499999999999
PERCHQCI,1981,0.408,U/Umsy,1.25,Canada-DFO-QCI,0.6357499999999999
PERCHQCI,1982,0.553,U/Umsy,1.24,Canada-DFO-QCI,0.5114999999999998
PERCHQCI,1983,0.673,U/Umsy,1.22,Canada-DFO-QCI,0.53675
PERCHQCI,1984,1.75,U/Umsy,1.17,Canada-DFO-QCI,0.846
PERCHQCI,1985,1.51,U/Umsy,1.13,Canada-DFO-QCI,1.1215
PERCHQCI,1986,1.61,U/Umsy,1.12,Canada-DFO-QCI,1.38575
PERCHQCI,1987,0.889,U/Umsy,1.06,Canada-DFO-QCI,1.4397499999999999
PERCHQCI,1988,0.93,U/Umsy,1.04,Canada-DFO-QCI,1.23475
PERCHQCI,1989,1.06,U/Umsy,1.05,Canada-DFO-QCI,1.12225
PERCHQCI,1990,0.907,U/Umsy,1.03,Canada-DFO-QCI,0.9464999999999999
PERCHQCI,1991,0.339,U/Umsy,1.02,Canada-DFO-QCI,0.8089999999999999
PERCHQCI,1992,0.199,U/Umsy,1.05,Canada-DFO-QCI,0.6262499999999999
PERCHQCI,1993,0.283,U/Umsy,1.05,Canada-DFO-QCI,0.4319999999999999
PERCHQCI,1994,0.162,U/Umsy,1.01,Canada-DFO-QCI,0.24574999999999989
PERCHQCI,1995,0.374,U/Umsy,0.936,Canada-DFO-QCI,0.2544999999999999
PERCHQCI,1996,0.301,U/Umsy,0.933,Canada-DFO-QCI,0.27999999999999986
PERCHQCI,1997,0.303,U/Umsy,0.963,Canada-DFO-QCI,0.28499999999999986
PERCHQCI,1998,0.428,U/Umsy,1.01,Canada-DFO-QCI,0.35149999999999987
PERCHQCI,1999,0.338,U/Umsy,1.07,Canada-DFO-QCI,0.34249999999999986
PERCHQCI,2000,0.517,U/Umsy,1.11,Canada-DFO-QCI,0.3964999999999999
PERCHQCI,2001,0.567,U/Umsy,1.16,Canada-DFO-QCI,0.46249999999999986
PERCHQCI,2002,0.546,U/Umsy,1.21,Canada-DFO-QCI,0.4919999999999999
PERCHQCI,2003,0.47,U/Umsy,1.24,Canada-DFO-QCI,0.5249999999999999
PERCHQCI,2004,0.439,U/Umsy,1.26,Canada-DFO-QCI,0.5054999999999998
PERCHQCI,2005,0.39,U/Umsy,1.28,Canada-DFO-QCI,0.4612499999999999
PERCHQCI,2006,0.384,U/Umsy,1.3,Canada-DFO-QCI,0.4207499999999999
PERCHQCI,2007,0.355,U/Umsy,1.33,Canada-DFO-QCI,0.3919999999999999
PERCHQCI,2008,0.38,U/Umsy,1.38,Canada-DFO-QCI,0.37724999999999986
PERCHQCI,2009,0.369,U/Umsy,1.4,Canada-DFO-QCI,0.3719999999999999
PERCHQCI,2010,0.435,U/Umsy,1.44,Canada-DFO-QCI,0.38474999999999987
PERCHQCI,2011,0.47,U/Umsy,1.48,Canada-DFO-QCI,0.41349999999999987
PERCHQCI,2012,0.482,U/Umsy,1.51,Canada-DFO-QCI,0.4389999999999999
PERCHWCVANI,1940,0.00102,U/Umsy,3.68,Canada-DFO-WCVANI,NA
PERCHWCVANI,1941,7.57e-4,U/Umsy,3.68,Canada-DFO-WCVANI,NA
PERCHWCVANI,1942,0.00764,U/Umsy,3.68,Canada-DFO-WCVANI,NA
PERCHWCVANI,1943,0.0241,U/Umsy,3.67,Canada-DFO-WCVANI,0.00837925
PERCHWCVANI,1944,0.0125,U/Umsy,3.67,Canada-DFO-WCVANI,0.011249249999999999
PERCHWCVANI,1945,0.096,U/Umsy,3.66,Canada-DFO-WCVANI,0.03506
PERCHWCVANI,1946,0.0498,U/Umsy,3.63,Canada-DFO-WCVANI,0.0456
PERCHWCVANI,1947,0.0255,U/Umsy,3.61,Canada-DFO-WCVANI,0.04595
PERCHWCVANI,1948,0.0415,U/Umsy,3.61,Canada-DFO-WCVANI,0.0532
PERCHWCVANI,1949,0.0505,U/Umsy,3.62,Canada-DFO-WCVANI,0.041825
PERCHWCVANI,1950,0.0509,U/Umsy,3.63,Canada-DFO-WCVANI,0.0421
PERCHWCVANI,1951,0.0467,U/Umsy,3.64,Canada-DFO-WCVANI,0.047400000000000005
PERCHWCVANI,1952,0.052,U/Umsy,3.64,Canada-DFO-WCVANI,0.050025
PERCHWCVANI,1953,0.032,U/Umsy,3.64,Canada-DFO-WCVANI,0.0454
PERCHWCVANI,1954,0.0572,U/Umsy,3.64,Canada-DFO-WCVANI,0.046975
PERCHWCVANI,1955,0.0469,U/Umsy,3.66,Canada-DFO-WCVANI,0.047025
PERCHWCVANI,1956,0.232,U/Umsy,3.7,Canada-DFO-WCVANI,0.09202500000000001
PERCHWCVANI,1957,0.245,U/Umsy,3.66,Canada-DFO-WCVANI,0.14527500000000002
PERCHWCVANI,1958,0.0545,U/Umsy,3.61,Canada-DFO-WCVANI,0.1446
PERCHWCVANI,1959,0.228,U/Umsy,3.63,Canada-DFO-WCVANI,0.18987500000000002
PERCHWCVANI,1960,0.303,U/Umsy,3.6,Canada-DFO-WCVANI,0.207625
PERCHWCVANI,1961,0.546,U/Umsy,3.52,Canada-DFO-WCVANI,0.282875
PERCHWCVANI,1962,1.07,U/Umsy,3.39,Canada-DFO-WCVANI,0.5367500000000001
PERCHWCVANI,1963,1.24,U/Umsy,3.13,Canada-DFO-WCVANI,0.7897500000000001
PERCHWCVANI,1964,0.693,U/Umsy,2.84,Canada-DFO-WCVANI,0.88725
PERCHWCVANI,1965,1.25,U/Umsy,2.71,Canada-DFO-WCVANI,1.06325
PERCHWCVANI,1966,3.23,U/Umsy,2.45,Canada-DFO-WCVANI,1.60325
PERCHWCVANI,1967,2.69,U/Umsy,1.81,Canada-DFO-WCVANI,1.96575
PERCHWCVANI,1968,2.67,U/Umsy,1.45,Canada-DFO-WCVANI,2.46
PERCHWCVANI,1969,1.11,U/Umsy,1.2,Canada-DFO-WCVANI,2.425
PERCHWCVANI,1970,2.59,U/Umsy,1.17,Canada-DFO-WCVANI,2.265
PERCHWCVANI,1971,2.17,U/Umsy,1.01,Canada-DFO-WCVANI,2.135
PERCHWCVANI,1972,1.53,U/Umsy,0.92,Canada-DFO-WCVANI,1.85
PERCHWCVANI,1973,1.72,U/Umsy,0.897,Canada-DFO-WCVANI,2.0025
PERCHWCVANI,1974,0.872,U/Umsy,0.869,Canada-DFO-WCVANI,1.573
PERCHWCVANI,1975,0.519,U/Umsy,0.895,Canada-DFO-WCVANI,1.16025
PERCHWCVANI,1976,0.134,U/Umsy,0.945,Canada-DFO-WCVANI,0.81125
PERCHWCVANI,1977,0.0175,U/Umsy,1.01,Canada-DFO-WCVANI,0.3856250000000001
PERCHWCVANI,1978,0.0559,U/Umsy,1.11,Canada-DFO-WCVANI,0.18160000000000007
PERCHWCVANI,1979,0.115,U/Umsy,1.18,Canada-DFO-WCVANI,0.08060000000000007
PERCHWCVANI,1980,0.382,U/Umsy,1.24,Canada-DFO-WCVANI,0.14260000000000006
PERCHWCVANI,1981,0.496,U/Umsy,1.25,Canada-DFO-WCVANI,0.26222500000000004
PERCHWCVANI,1982,0.481,U/Umsy,1.24,Canada-DFO-WCVANI,0.36850000000000005
PERCHWCVANI,1983,0.792,U/Umsy,1.22,Canada-DFO-WCVANI,0.5377500000000001
PERCHWCVANI,1984,0.743,U/Umsy,1.17,Canada-DFO-WCVANI,0.6280000000000001
PERCHWCVANI,1985,0.546,U/Umsy,1.13,Canada-DFO-WCVANI,0.6405000000000001
PERCHWCVANI,1986,1.21,U/Umsy,1.12,Canada-DFO-WCVANI,0.8227500000000001
PERCHWCVANI,1987,0.988,U/Umsy,1.06,Canada-DFO-WCVANI,0.87175
PERCHWCVANI,1988,0.8,U/Umsy,1.04,Canada-DFO-WCVANI,0.8860000000000001
PERCHWCVANI,1989,1.24,U/Umsy,1.05,Canada-DFO-WCVANI,1.0595
PERCHWCVANI,1990,1.17,U/Umsy,1.03,Canada-DFO-WCVANI,1.0495
PERCHWCVANI,1991,0.806,U/Umsy,1.02,Canada-DFO-WCVANI,1.004
PERCHWCVANI,1992,1.03,U/Umsy,1.05,Canada-DFO-WCVANI,1.0615
PERCHWCVANI,1993,1.61,U/Umsy,1.05,Canada-DFO-WCVANI,1.1540000000000001
PERCHWCVANI,1994,1.7,U/Umsy,1.01,Canada-DFO-WCVANI,1.2865000000000002
PERCHWCVANI,1995,1,U/Umsy,0.936,Canada-DFO-WCVANI,1.3350000000000002
PERCHWCVANI,1996,0.631,U/Umsy,0.933,Canada-DFO-WCVANI,1.2352500000000002
PERCHWCVANI,1997,0.458,U/Umsy,0.963,Canada-DFO-WCVANI,0.94725
PERCHWCVANI,1998,0.506,U/Umsy,1.01,Canada-DFO-WCVANI,0.64875
PERCHWCVANI,1999,0.483,U/Umsy,1.07,Canada-DFO-WCVANI,0.5195000000000001
PERCHWCVANI,2000,0.42,U/Umsy,1.11,Canada-DFO-WCVANI,0.46675000000000005
PERCHWCVANI,2001,0.401,U/Umsy,1.16,Canada-DFO-WCVANI,0.45250000000000007
PERCHWCVANI,2002,0.436,U/Umsy,1.21,Canada-DFO-WCVANI,0.43500000000000005
PERCHWCVANI,2003,0.454,U/Umsy,1.24,Canada-DFO-WCVANI,0.4277500000000001
PERCHWCVANI,2004,0.435,U/Umsy,1.26,Canada-DFO-WCVANI,0.43150000000000005
PERCHWCVANI,2005,0.429,U/Umsy,1.28,Canada-DFO-WCVANI,0.43850000000000006
PERCHWCVANI,2006,0.406,U/Umsy,1.3,Canada-DFO-WCVANI,0.43100000000000005
PERCHWCVANI,2007,0.363,U/Umsy,1.33,Canada-DFO-WCVANI,0.40825000000000006
PERCHWCVANI,2008,0.542,U/Umsy,1.38,Canada-DFO-WCVANI,0.43500000000000005
PERCHWCVANI,2009,0.352,U/Umsy,1.4,Canada-DFO-WCVANI,0.41575000000000006
PERCHWCVANI,2010,0.274,U/Umsy,1.44,Canada-DFO-WCVANI,0.38275000000000003
PERCHWCVANI,2011,0.376,U/Umsy,1.48,Canada-DFO-WCVANI,0.38600000000000007
PERCHWCVANI,2012,0.384,U/Umsy,1.51,Canada-DFO-WCVANI,0.34650000000000003
RSOLE5AB,1945,0.011255230125523,U/Umsy,4.08074195308238,Canada-DFO-5AB,NA
RSOLE5AB,1946,5.52301255230126e-4,U/Umsy,4.06983087834152,Canada-DFO-5AB,NA
RSOLE5AB,1947,0.0305020920502092,U/Umsy,4.06983087834152,Canada-DFO-5AB,NA
RSOLE5AB,1948,0.0200418410041841,U/Umsy,4.04800872885979,Canada-DFO-5AB,0.015587866108786605
RSOLE5AB,1949,0.018744769874477,U/Umsy,4.04800872885979,Canada-DFO-5AB,0.017460251046025103
RSOLE5AB,1950,0.11673640167364,U/Umsy,4.04800872885979,Canada-DFO-5AB,0.04650627615062757
RSOLE5AB,1951,0.097071129707113,U/Umsy,3.96617566830333,Canada-DFO-5AB,0.06314853556485353
RSOLE5AB,1952,0.157322175732218,U/Umsy,3.92253136933988,Canada-DFO-5AB,0.097468619246862
RSOLE5AB,1953,0.0548117154811716,U/Umsy,3.86252045826514,Canada-DFO-5AB,0.10648535564853565
RSOLE5AB,1954,0.0711297071129707,U/Umsy,3.873431533006,Canada-DFO-5AB,0.09508368200836832
RSOLE5AB,1955,0.12092050209205,U/Umsy,3.89525368248772,Canada-DFO-5AB,0.10104602510460257
RSOLE5AB,1956,0.489539748953975,U/Umsy,3.90070921985816,Canada-DFO-5AB,0.18410041841004185
RSOLE5AB,1957,0.447698744769874,U/Umsy,3.58974358974359,Canada-DFO-5AB,0.28232217573221746
RSOLE5AB,1958,0.594142259414226,U/Umsy,3.35515548281506,Canada-DFO-5AB,0.41307531380753126
RSOLE5AB,1959,0.422594142259414,U/Umsy,3.04418985270049,Canada-DFO-5AB,0.4884937238493723
RSOLE5AB,1960,0.686192468619247,U/Umsy,2.94599018003273,Canada-DFO-5AB,0.5376569037656903
RSOLE5AB,1961,0.531380753138075,U/Umsy,2.72231314784506,Canada-DFO-5AB,0.5585774058577405
RSOLE5AB,1962,0.606694560669456,U/Umsy,2.66230223677032,Canada-DFO-5AB,0.561715481171548
RSOLE5AB,1963,0.560669456066946,U/Umsy,2.569558101473,Canada-DFO-5AB,0.596234309623431
RSOLE5AB,1964,0.560669456066946,U/Umsy,2.54773595199127,Canada-DFO-5AB,0.5648535564853557
RSOLE5AB,1965,0.648535564853556,U/Umsy,2.51500272776869,Canada-DFO-5AB,0.594142259414226
RSOLE5AB,1966,0.945606694560669,U/Umsy,2.40043644298963,Canada-DFO-5AB,0.6788702928870293
RSOLE5AB,1967,1.00418410041841,U/Umsy,2.13311511183852,Canada-DFO-5AB,0.7897489539748953
RSOLE5AB,1968,0.928870292887029,U/Umsy,1.85488270594654,Canada-DFO-5AB,0.881799163179916
RSOLE5AB,1969,1.12970711297071,U/Umsy,1.66393889798145,Canada-DFO-5AB,1.0020920502092046
RSOLE5AB,1970,0.619246861924686,U/Umsy,1.43480632842335,Canada-DFO-5AB,0.9205020920502087
RSOLE5AB,1971,0.677824267782427,U/Umsy,1.47299509001637,Canada-DFO-5AB,0.838912133891213
RSOLE5AB,1972,0.548117154811716,U/Umsy,1.51663938897981,Canada-DFO-5AB,0.7437238493723848
RSOLE5AB,1973,0.485355648535565,U/Umsy,1.59301691216585,Canada-DFO-5AB,0.5826359832635986
RSOLE5AB,1974,0.569037656903766,U/Umsy,1.66393889798145,Canada-DFO-5AB,0.5700836820083685
RSOLE5AB,1975,0.581589958158996,U/Umsy,1.66393889798145,Canada-DFO-5AB,0.5460251046025107
RSOLE5AB,1976,0.732217573221757,U/Umsy,1.63120567375887,Canada-DFO-5AB,0.5920502092050209
RSOLE5AB,1977,0.397489539748954,U/Umsy,1.53300600109111,Canada-DFO-5AB,0.5700836820083682
RSOLE5AB,1978,0.40836820083682,U/Umsy,1.58756137479542,Canada-DFO-5AB,0.5299163179916317
RSOLE5AB,1979,0.548117154811716,U/Umsy,1.64211674849973,Canada-DFO-5AB,0.5215481171548118
RSOLE5AB,1980,0.841004184100418,U/Umsy,1.65848336061102,Canada-DFO-5AB,0.548744769874477
RSOLE5AB,1981,0.476987447698745,U/Umsy,1.53846153846154,Canada-DFO-5AB,0.5686192468619248
RSOLE5AB,1982,0.535564853556485,U/Umsy,1.56573922531369,Canada-DFO-5AB,0.600418410041841
RSOLE5AB,1983,0.481171548117155,U/Umsy,1.54391707583197,Canada-DFO-5AB,0.5836820083682007
RSOLE5AB,1984,0.354811715481172,U/Umsy,1.51118385160938,Canada-DFO-5AB,0.46213389121338927
RSOLE5AB,1985,0.348117154811715,U/Umsy,1.51663938897981,Canada-DFO-5AB,0.42991631799163177
RSOLE5AB,1986,0.228870292887029,U/Umsy,1.52209492635025,Canada-DFO-5AB,0.35324267782426777
RSOLE5AB,1987,0.371129707112971,U/Umsy,1.58210583742499,Canada-DFO-5AB,0.32573221757322174
RSOLE5AB,1988,0.476987447698745,U/Umsy,1.63120567375887,Canada-DFO-5AB,0.35627615062761503
RSOLE5AB,1989,0.400418410041841,U/Umsy,1.66939443535188,Canada-DFO-5AB,0.3693514644351465
RSOLE5AB,1990,0.673640167364017,U/Umsy,1.77304964539007,Canada-DFO-5AB,0.4805439330543935
RSOLE5AB,1991,0.786610878661088,U/Umsy,1.76213857064921,Canada-DFO-5AB,0.5844142259414228
RSOLE5AB,1992,0.861924686192469,U/Umsy,1.65848336061102,Canada-DFO-5AB,0.6806485355648537
RSOLE5AB,1993,1.19246861924686,U/Umsy,1.48390616475723,Canada-DFO-5AB,0.8786610878661085
RSOLE5AB,1994,1.2510460251046,U/Umsy,1.16748499727223,Canada-DFO-5AB,1.0230125523012543
RSOLE5AB,1995,1.2928870292887,U/Umsy,0.900163666121113,Canada-DFO-5AB,1.1495815899581574
RSOLE5AB,1996,0.98326359832636,U/Umsy,0.709219858156028,Canada-DFO-5AB,1.17991631799163
RSOLE5AB,1997,0.769874476987448,U/Umsy,0.638297872340426,Canada-DFO-5AB,1.074267782426777
RSOLE5AB,1998,0.761506276150628,U/Umsy,0.627386797599564,Canada-DFO-5AB,0.951882845188284
RSOLE5AB,1999,0.824267782426778,U/Umsy,0.638297872340426,Canada-DFO-5AB,0.8347280334728036
RSOLE5AB,2000,0.928870292887029,U/Umsy,0.66557555919258,Canada-DFO-5AB,0.8211297071129708
RSOLE5AB,2001,1.07949790794979,U/Umsy,0.698308783415166,Canada-DFO-5AB,0.8985355648535562
RSOLE5AB,2002,1.63179916317992,U/Umsy,0.731042007637752,Canada-DFO-5AB,1.1161087866108792
RSOLE5AB,2003,1.69456066945607,U/Umsy,0.714675395526459,Canada-DFO-5AB,1.3336820083682022
RSOLE5AB,2004,1.40585774058577,U/Umsy,0.736497545008183,Canada-DFO-5AB,1.4529288702928875
RSOLE5AB,2005,1.06276150627615,U/Umsy,0.7746863066012,Canada-DFO-5AB,1.4487447698744775
RSOLE5AB,2006,0.828451882845188,U/Umsy,0.812875068194217,Canada-DFO-5AB,1.2479079497907946
RSOLE5AB,2007,0.556485355648536,U/Umsy,0.834697217675941,Canada-DFO-5AB,0.963389121338911
RSOLE5AB,2008,0.177824267782427,U/Umsy,0.872885979268958,Canada-DFO-5AB,0.6563807531380752
RSOLE5AB,2009,0.456066945606695,U/Umsy,0.987452264048009,Canada-DFO-5AB,0.5047071129707115
RSOLE5AB,2010,0.933054393305439,U/Umsy,1.08565193671577,Canada-DFO-5AB,0.5308577405857743
RSOLE5AB,2011,0.690376569037657,U/Umsy,1.12384069830878,Canada-DFO-5AB,0.5643305439330545
RSOLE5AB,2012,0.489539748953975,U/Umsy,1.2329514457174,Canada-DFO-5AB,0.6422594142259416
RSOLE5AB,2013,0.460251046025105,U/Umsy,1.39661756683033,Canada-DFO-5AB,0.6433054393305441
RSOLEHSTR,1945,0.0146942800788955,U/Umsy,3.9769214918607,Canada-DFO-HS,NA
RSOLEHSTR,1946,0.0500986193293886,U/Umsy,3.95631568102205,Canada-DFO-HS,NA
RSOLEHSTR,1947,0.147337278106509,U/Umsy,3.89449824850608,Canada-DFO-HS,NA
RSOLEHSTR,1948,0.118343195266272,U/Umsy,3.72965176179683,Canada-DFO-HS,0.08261834319526627
RSOLEHSTR,1949,0.0875739644970414,U/Umsy,3.68844014011951,Canada-DFO-HS,0.10083826429980275
RSOLEHSTR,1950,0.0863905325443787,U/Umsy,3.83268081599011,Canada-DFO-HS,0.10991124260355027
RSOLEHSTR,1951,0.15818540433925,U/Umsy,4.1211621677313,Canada-DFO-HS,0.11262327416173551
RSOLEHSTR,1952,0.264299802761341,U/Umsy,4.38903770863383,Canada-DFO-HS,0.14911242603550276
RSOLEHSTR,1953,0.0775147928994083,U/Umsy,4.32722027611787,Canada-DFO-HS,0.1465976331360945
RSOLEHSTR,1954,0.0938856015779093,U/Umsy,4.47146095198846,Canada-DFO-HS,0.14847140039447715
RSOLEHSTR,1955,0.145956607495069,U/Umsy,4.43024933031115,Canada-DFO-HS,0.1454142011834319
RSOLEHSTR,1956,0.104733727810651,U/Umsy,4.20358541108593,Canada-DFO-HS,0.10552268244575938
RSOLEHSTR,1957,0.119526627218935,U/Umsy,4.10055635689264,Canada-DFO-HS,0.11602564102564106
RSOLEHSTR,1958,0.14181459566075,U/Umsy,4.03873892437667,Canada-DFO-HS,0.12800788954635123
RSOLEHSTR,1959,0.0528599605522682,U/Umsy,3.99752730269936,Canada-DFO-HS,0.10473372781065104
RSOLEHSTR,1960,0.130966469428008,U/Umsy,4.1211621677313,Canada-DFO-HS,0.11129191321499028
RSOLEHSTR,1961,0.0932938856015779,U/Umsy,4.05934473521533,Canada-DFO-HS,0.10473372781065102
RSOLEHSTR,1962,0.105325443786982,U/Umsy,3.93570987018339,Canada-DFO-HS,0.09561143984220902
RSOLEHSTR,1963,0.111439842209073,U/Umsy,3.77086338347414,Canada-DFO-HS,0.11025641025641021
RSOLEHSTR,1964,0.103155818540434,U/Umsy,3.62662270760354,Canada-DFO-HS,0.10330374753451671
RSOLEHSTR,1965,0.126627218934911,U/Umsy,3.56480527508757,Canada-DFO-HS,0.11163708086784999
RSOLEHSTR,1966,0.341222879684418,U/Umsy,3.54419946424892,Canada-DFO-HS,0.170611439842209
RSOLEHSTR,1967,0.319526627218935,U/Umsy,3.23511230166907,Canada-DFO-HS,0.2226331360946745
RSOLEHSTR,1968,0.382642998027613,U/Umsy,2.98784257160519,Canada-DFO-HS,0.29250493096646923
RSOLEHSTR,1969,0.420118343195266,U/Umsy,2.67875540902535,Canada-DFO-HS,0.36587771203155794
RSOLEHSTR,1970,0.285996055226824,U/Umsy,2.34906243560684,Canada-DFO-HS,0.35207100591715945
RSOLEHSTR,1971,0.307692307692308,U/Umsy,2.26663919225222,Canada-DFO-HS,0.34911242603550274
RSOLEHSTR,1972,0.118540433925049,U/Umsy,2.24603338141356,Canada-DFO-HS,0.28308678500986173
RSOLEHSTR,1973,0.0988165680473373,U/Umsy,2.39027405728415,Canada-DFO-HS,0.20276134122287953
RSOLEHSTR,1974,0.125443786982249,U/Umsy,2.51390892231609,Canada-DFO-HS,0.1626232741617358
RSOLEHSTR,1975,0.238658777120316,U/Umsy,2.55512054399341,Canada-DFO-HS,0.1453648915187378
RSOLEHSTR,1976,0.27810650887574,U/Umsy,2.41087986812281,Canada-DFO-HS,0.18525641025641057
RSOLEHSTR,1977,0.172978303747535,U/Umsy,2.2254275705749,Canada-DFO-HS,0.20379684418146
RSOLEHSTR,1978,0.193096646942801,U/Umsy,2.18421594889759,Canada-DFO-HS,0.22071005917159797
RSOLEHSTR,1979,0.27810650887574,U/Umsy,2.12239851638162,Canada-DFO-HS,0.23057199211045398
RSOLEHSTR,1980,0.238658777120316,U/Umsy,1.97815784051102,Canada-DFO-HS,0.22071005917159797
RSOLEHSTR,1981,0.155621301775148,U/Umsy,1.85246239439522,Canada-DFO-HS,0.21637080867850123
RSOLEHSTR,1982,0.0775147928994083,U/Umsy,1.77828147537606,Canada-DFO-HS,0.18747534516765307
RSOLEHSTR,1983,0.0609467455621302,U/Umsy,1.75355450236967,Canada-DFO-HS,0.1331854043392506
RSOLEHSTR,1984,0.0536489151873767,U/Umsy,1.7514939212858,Canada-DFO-HS,0.08693293885601579
RSOLEHSTR,1985,0.0274161735700197,U/Umsy,1.79270554296312,Canada-DFO-HS,0.05488165680473371
RSOLEHSTR,1986,0.0607495069033531,U/Umsy,1.89779517824026,Canada-DFO-HS,0.05069033530571991
RSOLEHSTR,1987,0.135897435897436,U/Umsy,2.00700597568514,Canada-DFO-HS,0.06942800788954637
RSOLEHSTR,1988,0.284023668639053,U/Umsy,2.12239851638162,Canada-DFO-HS,0.12702169625246543
RSOLEHSTR,1989,0.353057199211045,U/Umsy,2.12239851638162,Canada-DFO-HS,0.20843195266272177
RSOLEHSTR,1990,0.378698224852071,U/Umsy,2.08118689470431,Canada-DFO-HS,0.2879191321499012
RSOLEHSTR,1991,0.605522682445759,U/Umsy,2.05027817844632,Canada-DFO-HS,0.405325443786982
RSOLEHSTR,1992,0.599605522682446,U/Umsy,1.91221924582732,Canada-DFO-HS,0.48422090729783024
RSOLEHSTR,1993,0.556213017751479,U/Umsy,1.90809808365959,Canada-DFO-HS,0.5350098619329388
RSOLEHSTR,1994,0.351084812623274,U/Umsy,1.94518854316917,Canada-DFO-HS,0.5281065088757395
RSOLEHSTR,1995,0.313609467455621,U/Umsy,2.0337935297754,Canada-DFO-HS,0.455128205128205
RSOLEHSTR,1996,0.167061143984221,U/Umsy,2.00700597568514,Canada-DFO-HS,0.34699211045364875
RSOLEHSTR,1997,0.182840236686391,U/Umsy,2.00906655676901,Canada-DFO-HS,0.25364891518737676
RSOLEHSTR,1998,0.15917159763313601,U/Umsy,1.92252215124665,Canada-DFO-HS,0.20567061143984225
RSOLEHSTR,1999,0.201183431952663,U/Umsy,1.83597774572429,Canada-DFO-HS,0.17756410256410274
RSOLEHSTR,2000,0.230769230769231,U/Umsy,1.74737275911807,Canada-DFO-HS,0.19349112426035525
RSOLEHSTR,2001,0.192504930966469,U/Umsy,1.6917370698537,Canada-DFO-HS,0.19590729783037475
RSOLEHSTR,2002,0.194477317554241,U/Umsy,1.77828147537606,Canada-DFO-HS,0.204733727810651
RSOLEHSTR,2003,0.182248520710059,U/Umsy,2.00082423243355,Canada-DFO-HS,0.2
RSOLEHSTR,2004,0.183037475345168,U/Umsy,2.30785081392953,Canada-DFO-HS,0.18806706114398425
RSOLEHSTR,2005,0.110059171597633,U/Umsy,2.57572635483206,Canada-DFO-HS,0.16745562130177524
RSOLEHSTR,2006,0.113214990138067,U/Umsy,2.78178446321863,Canada-DFO-HS,0.14714003944773174
RSOLEHSTR,2007,0.0948717948717949,U/Umsy,2.8436018957346,Canada-DFO-HS,0.12529585798816573
RSOLEHSTR,2008,0.0828402366863905,U/Umsy,2.80239027405728,Canada-DFO-HS,0.10024654832347134
RSOLEHSTR,2009,0.147534516765286,U/Umsy,2.71996703070266,Canada-DFO-HS,0.1096153846153846
RSOLEHSTR,2010,0.0925049309664694,U/Umsy,2.59633216567072,Canada-DFO-HS,0.1044378698224852
RSOLEHSTR,2011,0.108678500986193,U/Umsy,2.63754378734803,Canada-DFO-HS,0.10788954635108472
RSOLEHSTR,2012,0.083629191321499,U/Umsy,2.78178446321863,Canada-DFO-HS,0.10808678500986185
RSOLEHSTR,2013,0.0769230769230769,U/Umsy,2.98784257160519,Canada-DFO-HS,0.09043392504930957
SABLEFPCAN,1965,0.0882727272727273,U/Umsy,4.15462427745665,Canada-DFO-PCOAST,NA
SABLEFPCAN,1966,0.124545454545455,U/Umsy,4.11849710982659,Canada-DFO-PCOAST,NA
SABLEFPCAN,1967,0.16,U/Umsy,4.08236994219653,Canada-DFO-PCOAST,NA
SABLEFPCAN,1968,0.27,U/Umsy,4.04624277456647,Canada-DFO-PCOAST,0.16070454545454557
SABLEFPCAN,1969,0.449090909090909,U/Umsy,3.9378612716763,Canada-DFO-PCOAST,0.25090909090909097
SABLEFPCAN,1970,0.525454545454545,U/Umsy,3.75722543352601,Canada-DFO-PCOAST,0.35113636363636347
SABLEFPCAN,1971,0.380909090909091,U/Umsy,3.5621387283237,Canada-DFO-PCOAST,0.4063636363636362
SABLEFPCAN,1972,0.760909090909091,U/Umsy,3.4393063583815,Canada-DFO-PCOAST,0.529090909090909
SABLEFPCAN,1973,0.437272727272727,U/Umsy,3.22615606936416,Canada-DFO-PCOAST,0.5261363636363635
SABLEFPCAN,1974,0.584545454545454,U/Umsy,3.07442196531792,Canada-DFO-PCOAST,0.5409090909090908
SABLEFPCAN,1975,1,U/Umsy,2.89017341040462,Canada-DFO-PCOAST,0.695681818181818
SABLEFPCAN,1976,1.05454545454545,U/Umsy,2.61921965317919,Canada-DFO-PCOAST,0.7690909090909077
SABLEFPCAN,1977,0.945454545454545,U/Umsy,2.36994219653179,Canada-DFO-PCOAST,0.8961363636363623
SABLEFPCAN,1978,0.799090909090909,U/Umsy,2.20736994219653,Canada-DFO-PCOAST,0.949772727272726
SABLEFPCAN,1979,1.04545454545455,U/Umsy,2.08092485549133,Canada-DFO-PCOAST,0.9611363636363636
SABLEFPCAN,1980,0.894545454545455,U/Umsy,1.94725433526012,Canada-DFO-PCOAST,0.9211363636363648
SABLEFPCAN,1981,0.719090909090909,U/Umsy,1.84971098265896,Canada-DFO-PCOAST,0.8645454545454557
SABLEFPCAN,1982,0.757272727272727,U/Umsy,1.8099710982659,Canada-DFO-PCOAST,0.8540909090909102
SABLEFPCAN,1983,0.82,U/Umsy,1.80274566473988,Canada-DFO-PCOAST,0.7977272727272727
SABLEFPCAN,1984,0.706363636363636,U/Umsy,1.80635838150289,Canada-DFO-PCOAST,0.750681818181818
SABLEFPCAN,1985,0.763636363636364,U/Umsy,1.84609826589595,Canada-DFO-PCOAST,0.7618181818181817
SABLEFPCAN,1986,0.868181818181818,U/Umsy,1.87861271676301,Canada-DFO-PCOAST,0.7895454545454546
SABLEFPCAN,1987,0.873636363636364,U/Umsy,1.89306358381503,Canada-DFO-PCOAST,0.8029545454545455
SABLEFPCAN,1988,1.08181818181818,U/Umsy,1.88583815028902,Canada-DFO-PCOAST,0.8968181818181815
SABLEFPCAN,1989,1.1,U/Umsy,1.82803468208092,Canada-DFO-PCOAST,0.9809090909090905
SABLEFPCAN,1990,1.03636363636364,U/Umsy,1.7485549132948,Canada-DFO-PCOAST,1.0229545454545461
SABLEFPCAN,1991,1.12727272727273,U/Umsy,1.66907514450867,Canada-DFO-PCOAST,1.0863636363636375
SABLEFPCAN,1992,1.18181818181818,U/Umsy,1.5643063583815,Canada-DFO-PCOAST,1.1113636363636377
SABLEFPCAN,1993,1.33636363636364,U/Umsy,1.45231213872832,Canada-DFO-PCOAST,1.1704545454545476
SABLEFPCAN,1994,1.4,U/Umsy,1.32947976878613,Canada-DFO-PCOAST,1.2613636363636376
SABLEFPCAN,1995,1.27272727272727,U/Umsy,1.21387283236994,Canada-DFO-PCOAST,1.2977272727272726
SABLEFPCAN,1996,1.05454545454545,U/Umsy,1.1271676300578,Canada-DFO-PCOAST,1.26590909090909
SABLEFPCAN,1997,1.31818181818182,U/Umsy,1.06936416184971,Canada-DFO-PCOAST,1.261363636363635
SABLEFPCAN,1998,1.67272727272727,U/Umsy,0.986271676300578,Canada-DFO-PCOAST,1.3295454545454526
SABLEFPCAN,1999,1.85454545454545,U/Umsy,0.895953757225434,Canada-DFO-PCOAST,1.4749999999999974
SABLEFPCAN,2000,1.65454545454545,U/Umsy,0.812861271676301,Canada-DFO-PCOAST,1.6249999999999976
SABLEFPCAN,2001,1.61818181818182,U/Umsy,0.773121387283237,Canada-DFO-PCOAST,1.6999999999999975
SABLEFPCAN,2002,1.38181818181818,U/Umsy,0.758670520231214,Canada-DFO-PCOAST,1.627272727272725
SABLEFPCAN,2003,1.03636363636364,U/Umsy,0.78757225433526,Canada-DFO-PCOAST,1.4227272727272726
SABLEFPCAN,2004,1.17272727272727,U/Umsy,0.863439306358382,Canada-DFO-PCOAST,1.3022727272727275
SABLEFPCAN,2005,1.60909090909091,U/Umsy,0.935693641618497,Canada-DFO-PCOAST,1.3
SABLEFPCAN,2006,1.7,U/Umsy,0.935693641618497,Canada-DFO-PCOAST,1.379545454545455
SABLEFPCAN,2007,1.37272727272727,U/Umsy,0.903179190751445,Canada-DFO-PCOAST,1.4636363636363625
SABLEFPCAN,2008,1.32727272727273,U/Umsy,0.867052023121387,Canada-DFO-PCOAST,1.5022727272727274
SABLEFPCAN,2009,1.17272727272727,U/Umsy,0.820086705202312,Canada-DFO-PCOAST,1.3931818181818174
SABLEFPCAN,2010,1.14545454545455,U/Umsy,0.783959537572254,Canada-DFO-PCOAST,1.254545454545455
SSHRIMPSMAPRD,1998,0.843759543447787,U/Umsy,0.796447248630012,Canada-DFO-SMA-PRD,NA
SSHRIMPSMAPRD,1999,0.555121860966979,U/Umsy,1.34170728807671,Canada-DFO-SMA-PRD,NA
SSHRIMPSMAPRD,2000,0.656257422681611,U/Umsy,0.955736698356015,Canada-DFO-SMA-PRD,NA
SSHRIMPSMAPRD,2001,0.582642271341543,U/Umsy,0.884260663222552,Canada-DFO-SMA-PRD,0.65944527460948
SSHRIMPSMAPRD,2002,0.731258270988082,U/Umsy,1.07214052700194,Canada-DFO-SMA-PRD,0.6313199564945537
SSHRIMPSMAPRD,2003,0.364656717580492,U/Umsy,1.3437494605091,Canada-DFO-SMA-PRD,0.5837036706479319
SSHRIMPSMAPRD,2004,0.438211949025284,U/Umsy,1.03129707835425,Canada-DFO-SMA-PRD,0.5291923022338503
SSHRIMPSMAPRD,2005,0.426155580221094,U/Umsy,1.51120759996464,Canada-DFO-SMA-PRD,0.49007062945373797
SSHRIMPSMAPRD,2006,0.420635288621463,U/Umsy,1.38459290915679,Canada-DFO-SMA-PRD,0.41241488386208325
SSHRIMPSMAPRD,2007,0.234499753672957,U/Umsy,1.60718970428672,Canada-DFO-SMA-PRD,0.3798756428851995
SSHRIMPSMAPRD,2008,0.265695052751733,U/Umsy,1.64190663563726,Canada-DFO-SMA-PRD,0.3367464188168117
SSHRIMPSMAPRD,2009,0.158378957206577,U/Umsy,1.85633474103764,Canada-DFO-SMA-PRD,0.26980226306318245
SSHRIMPSMAPRD,2010,0.119353937057788,U/Umsy,2.49145036750927,Canada-DFO-SMA-PRD,0.19448192517226373
SSSHRIMPSMA14,1999,0.208997484594943,U/Umsy,0.944398708403326,Canada-DFO-SMA-14,NA
SSSHRIMPSMA14,2000,0.392067635526782,U/Umsy,0.540914931865338,Canada-DFO-SMA-14,NA
SSSHRIMPSMA14,2001,0.238346067538063,U/Umsy,0.546200745531774,Canada-DFO-SMA-14,NA
SSSHRIMPSMA14,2002,0.0755607746024924,U/Umsy,4.14055403870861,Canada-DFO-SMA-14,0.2287429905655701
SSSHRIMPSMA14,2003,0.224086046403307,U/Umsy,1.6491738639282,Canada-DFO-SMA-14,0.2325151310176611
SSSHRIMPSMA14,2004,0.127272171986344,U/Umsy,1.81479602547654,Canada-DFO-SMA-14,0.1663162651325516
SSSHRIMPSMA14,2005,0.142060570055799,U/Umsy,0.798157863631915,Canada-DFO-SMA-14,0.1422448907619856
SSSHRIMPSMA14,2006,0.282204619935716,U/Umsy,1.16816482028247,Canada-DFO-SMA-14,0.19390585209529151
SSSHRIMPSMA14,2007,0.123918862547445,U/Umsy,1.59279185148621,Canada-DFO-SMA-14,0.168864056131326
SSSHRIMPSMA14,2008,0.0654497210630838,U/Umsy,1.53993371482184,Canada-DFO-SMA-14,0.15340844340051096
SSSHRIMPSMA14,2009,0.0499563727415638,U/Umsy,3.48863701984811,Canada-DFO-SMA-14,0.13038239407195215
SSSHRIMPSMA14,2010,0.0521701692894474,U/Umsy,4.10531528093237,Canada-DFO-SMA-14,0.072873781410385
SSSHRIMPSMAFR,1998,0.34868732956432,U/Umsy,1.76935057781029,Canada-DFO-SMA-FR,NA
SSSHRIMPSMAFR,1999,0.328118139391496,U/Umsy,0.963064238554966,Canada-DFO-SMA-FR,NA
SSSHRIMPSMAFR,2000,0.3760960764402,U/Umsy,1.37367302243499,Canada-DFO-SMA-FR,NA
SSSHRIMPSMAFR,2001,0.35542892821868,U/Umsy,1.50058846472518,Canada-DFO-SMA-FR,0.352082618403674
SSSHRIMPSMAFR,2002,0.344544077993512,U/Umsy,0.718192091077424,Canada-DFO-SMA-FR,0.351046805510972
SSSHRIMPSMAFR,2003,0.254101257520214,U/Umsy,1.1646358233688,Canada-DFO-SMA-FR,0.3325425850431515
SSSHRIMPSMAFR,2004,0.152891434609621,U/Umsy,0.776423882245864,Canada-DFO-SMA-FR,0.27674142458550677
SSSHRIMPSMAFR,2005,0.288144187519415,U/Umsy,1.17210143762116,Canada-DFO-SMA-FR,0.25992023941069053
SSSHRIMPSMAFR,2006,0.265155806016669,U/Umsy,2.51591200304669,Canada-DFO-SMA-FR,0.24007317141647977
SSSHRIMPSMAFR,2007,0.339273067845103,U/Umsy,1.00039230981679,Canada-DFO-SMA-FR,0.261366123997702
SSSHRIMPSMAFR,2008,0.249853052476927,U/Umsy,2.19489059019504,Canada-DFO-SMA-FR,0.2856065284645285
SSSHRIMPSMAFR,2009,0.312654394370236,U/Umsy,2.65775867384161,Canada-DFO-SMA-FR,0.29173408017723373
SSSHRIMPSMAFR,2010,0.172931952049364,U/Umsy,3.70294466917258,Canada-DFO-SMA-FR,0.26867811668540753
