year,area,subarea,total_days_closed
2008,1,1,82
2008,1,2,82
2008,1,3,82
2008,1,4,82
2008,1,5,11
2008,1,6,82
2008,1,7,82
2008,2,1,71
2008,2,2,71
2008,2,3,71
2008,2,4,71
2008,2,5,71
2008,2,6,71
2008,2,7,71
2008,2,8,71
2008,2,9,71
2008,2,10,71
2008,2,11,71
2008,2,12,71
2008,2,13,71
2008,2,14,71
2008,2,15,71
2008,2,16,71
2008,2,17,71
2008,2,18,71
2008,2,19,71
2008,2,31,71
2008,2,32,71
2008,2,33,71
2008,2,34,71
2008,2,35,71
2008,2,36,71
2008,2,37,71
2008,2,38,71
2008,2,39,71
2008,2,40,71
2008,2,41,71
2008,2,42,71
2008,2,43,71
2008,2,44,71
2008,2,45,71
2008,2,46,71
2008,2,47,71
2008,2,48,71
2008,2,49,71
2008,2,50,71
2008,2,51,71
2008,2,52,71
2008,2,53,71
2008,2,54,71
2008,2,55,71
2008,2,56,71
2008,2,57,71
2008,2,58,71
2008,2,59,71
2008,2,60,71
2008,2,61,71
2008,2,62,71
2008,2,63,71
2008,2,64,71
2008,2,65,71
2008,2,66,71
2008,2,67,71
2008,2,68,71
2008,2,69,71
2008,2,70,71
2008,2,71,71
2008,2,72,71
2008,2,73,71
2008,2,74,71
2008,2,75,71
2008,2,76,71
2008,2,77,71
2008,2,78,71
2008,2,79,71
2008,2,80,71
2008,2,81,71
2008,2,82,71
2008,2,83,71
2008,2,84,71
2008,2,85,71
2008,2,86,71
2008,2,87,71
2008,2,88,71
2008,2,89,71
2008,2,90,71
2008,2,91,71
2008,2,92,71
2008,2,93,71
2008,2,94,71
2008,2,95,71
2008,2,96,71
2008,2,97,71
2008,2,98,71
2008,2,99,71
2008,2,100,71
2008,3,1,62
2008,3,2,62
2008,3,3,62
2008,3,4,15
2008,3,5,15
2008,3,6,62
2008,3,7,62
2008,3,8,62
2008,3,9,62
2008,3,10,62
2008,3,11,62
2008,3,12,62
2008,3,13,62
2008,3,14,62
2008,3,15,62
2008,3,16,62
2008,3,17,62
2008,3,18,62
2008,4,1,75
2008,4,2,62
2008,4,3,75
2008,4,4,75
2008,4,5,75
2008,4,6,28
2008,4,7,28
2008,4,8,75
2008,4,9,75
2008,4,10,75
2008,4,11,75
2008,4,12,75
2008,4,13,62
2008,4,14,75
2008,4,15,75
2008,5,1,57
2008,5,2,57
2008,5,3,57
2008,5,4,57
2008,5,5,57
2008,5,6,57
2008,5,7,57
2008,5,8,57
2008,5,9,57
2008,5,10,57
2008,5,11,57
2008,5,12,57
2008,5,13,57
2008,5,14,57
2008,5,15,57
2008,5,16,57
2008,5,17,57
2008,5,18,57
2008,5,19,57
2008,5,20,57
2008,5,21,57
2008,5,22,57
2008,5,23,57
2008,5,24,57
2008,7,1,47
2008,7,2,47
2008,7,3,47
2008,7,4,47
2008,7,5,47
2008,7,6,47
2008,7,7,47
2008,7,8,47
2008,7,9,47
2008,7,10,47
2008,7,11,47
2008,7,12,47
2008,7,13,47
2008,7,14,47
2008,7,15,47
2008,7,16,47
2008,7,17,47
2008,7,18,47
2008,7,19,47
2008,7,20,47
2008,7,21,47
2008,7,22,47
2008,7,23,47
2008,7,24,47
2008,7,25,47
2008,7,26,47
2008,7,27,47
2008,7,28,47
2008,7,29,47
2008,7,30,47
2008,7,31,47
2008,7,32,47
2008,12,1,55
2008,12,2,55
2008,12,3,55
2008,12,4,55
2008,12,5,55
2008,12,6,55
2008,12,7,55
2008,12,8,55
2008,12,9,55
2008,12,10,55
2008,12,11,55
2008,12,12,55
2008,12,13,55
2008,12,14,55
2008,12,15,55
2008,12,16,55
2008,12,17,55
2008,12,18,55
2008,12,19,55
2008,12,20,55
2008,12,21,55
2008,12,22,55
2008,12,23,55
2008,12,24,55
2008,12,25,55
2008,12,26,55
2008,12,27,55
2008,12,28,55
2008,12,29,55
2008,12,30,55
2008,12,31,55
2008,12,32,55
2008,12,33,55
2008,12,34,55
2008,12,35,55
2008,12,36,55
2008,12,37,55
2008,12,38,55
2008,12,39,55
2008,12,40,55
2008,12,41,55
2008,12,42,55
2008,12,43,55
2008,12,44,55
2008,12,45,55
2008,12,46,55
2008,12,47,55
2008,12,48,55
2008,13,12,47
2008,13,13,75
2008,13,14,75
2008,13,16,47
2008,13,17,47
2008,13,18,75
2008,13,19,75
2008,13,20,75
2008,13,21,75
2008,13,22,75
2008,13,23,75
2008,13,24,75
2008,13,25,75
2008,13,26,75
2008,13,27,75
2008,13,28,75
2008,13,29,75
2008,13,30,75
2008,13,31,75
2008,13,32,75
2008,13,33,75
2008,13,34,75
2008,13,35,75
2008,13,36,75
2008,13,37,75
2008,13,38,75
2008,13,39,75
2008,13,40,75
2008,13,41,75
2008,13,42,75
2008,13,43,75
2008,14,1,75
2008,14,2,75
2008,14,3,75
2008,14,4,75
2008,14,5,75
2008,14,6,75
2008,14,7,75
2008,14,8,75
2008,14,9,75
2008,14,10,75
2008,14,11,75
2008,14,12,75
2008,14,13,75
2008,14,14,75
2008,14,15,75
2008,15,1,75
2008,15,2,75
2008,15,3,75
2008,15,4,75
2008,15,5,47
2008,15,6,75
2008,16,5,43
2008,16,6,43
2008,16,7,43
2008,16,8,43
2008,16,9,43
2008,16,10,47
2008,16,11,47
2008,16,12,47
2008,16,13,47
2008,16,14,47
2008,16,15,47
2008,16,16,47
2008,17,1,75
2008,17,2,75
2008,17,3,75
2008,17,4,75
2008,17,5,75
2008,17,6,75
2008,17,7,75
2008,17,8,75
2008,17,9,75
2008,17,10,75
2008,17,11,75
2008,17,12,75
2008,17,13,75
2008,17,14,75
2008,17,15,75
2008,17,16,75
2008,17,17,75
2008,17,18,75
2008,17,19,75
2008,17,21,75
2008,23,1,76
2008,23,2,76
2008,23,3,76
2008,23,4,76
2008,23,5,76
2008,23,6,76
2008,23,7,76
2008,23,8,76
2008,23,9,76
2008,23,10,76
2008,23,11,76
2008,24,1,49
2008,24,2,49
2008,24,3,49
2008,24,4,49
2008,24,5,49
2008,24,6,49
2008,24,7,49
2008,24,8,16
2008,24,10,49
2008,24,11,49
2008,24,12,49
2008,24,13,49
2008,24,14,49
2008,25,4,51
2008,25,5,51
2008,25,6,51
2008,25,7,62
2008,25,8,51
2008,25,9,62
2008,25,10,62
2008,25,11,62
2008,25,12,62
2008,25,13,62
2008,25,14,62
2008,25,15,62
2008,25,16,62
2008,26,1,19
2008,26,2,19
2008,26,3,19
2008,26,4,19
2008,26,5,19
2008,26,6,19
2008,26,7,19
2008,26,8,19
2008,26,9,19
2008,26,10,19
2008,26,11,19
2008,29,1,21
2008,29,2,21
2008,29,3,75
2008,29,4,75
2008,29,5,54
2008,29,6,75
2008,29,7,75
2008,29,8,75
2008,29,9,75
2008,29,10,75
2008,29,11,75
2008,29,12,75
2008,29,13,75
2008,29,14,75
2008,29,15,75
2008,29,16,75
2008,29,17,75
2009,1,1,364
2009,1,2,364
2009,1,3,364
2009,1,4,364
2009,1,5,356
2009,1,6,364
2009,1,7,364
2009,2,1,248
2009,2,2,290
2009,2,3,353
2009,2,4,290
2009,2,5,290
2009,2,6,325
2009,2,7,353
2009,2,8,318
2009,2,9,318
2009,2,10,290
2009,2,11,290
2009,2,12,305
2009,2,13,305
2009,2,14,243
2009,2,15,243
2009,2,16,290
2009,2,17,243
2009,2,18,243
2009,2,19,290
2009,2,31,290
2009,2,32,290
2009,2,33,290
2009,2,34,290
2009,2,35,290
2009,2,36,290
2009,2,37,290
2009,2,38,290
2009,2,39,290
2009,2,40,290
2009,2,41,290
2009,2,42,288
2009,2,43,288
2009,2,44,288
2009,2,45,290
2009,2,46,290
2009,2,47,288
2009,2,48,290
2009,2,49,290
2009,2,50,290
2009,2,51,290
2009,2,52,290
2009,2,53,290
2009,2,54,290
2009,2,55,290
2009,2,56,290
2009,2,57,290
2009,2,58,290
2009,2,59,290
2009,2,60,290
2009,2,61,290
2009,2,62,290
2009,2,63,290
2009,2,64,290
2009,2,65,290
2009,2,66,290
2009,2,67,290
2009,2,68,290
2009,2,69,290
2009,2,70,290
2009,2,71,290
2009,2,72,290
2009,2,73,290
2009,2,74,290
2009,2,75,290
2009,2,76,290
2009,2,77,290
2009,2,78,290
2009,2,79,290
2009,2,80,290
2009,2,81,290
2009,2,82,290
2009,2,83,290
2009,2,84,290
2009,2,85,304
2009,2,86,304
2009,2,87,304
2009,2,88,304
2009,2,89,304
2009,2,90,304
2009,2,91,304
2009,2,92,304
2009,2,93,304
2009,2,94,304
2009,2,95,304
2009,2,96,304
2009,2,97,304
2009,2,98,304
2009,2,99,304
2009,2,100,304
2009,3,1,7
2009,3,2,7
2009,3,3,7
2009,3,4,3
2009,3,5,3
2009,3,6,7
2009,3,7,7
2009,3,8,7
2009,3,9,7
2009,3,10,7
2009,3,11,7
2009,3,12,7
2009,3,13,7
2009,3,14,7
2009,3,15,7
2009,3,16,7
2009,3,17,7
2009,3,18,7
2009,4,1,90
2009,4,2,90
2009,4,3,87
2009,4,4,90
2009,4,5,90
2009,4,6,86
2009,4,7,86
2009,4,8,90
2009,4,9,90
2009,4,10,90
2009,4,11,90
2009,4,12,90
2009,4,13,90
2009,4,14,90
2009,4,15,90
2009,5,1,90
2009,5,2,90
2009,5,3,90
2009,5,4,90
2009,5,5,90
2009,5,6,90
2009,5,7,90
2009,5,8,90
2009,5,9,90
2009,5,10,90
2009,5,11,90
2009,5,12,90
2009,5,13,90
2009,5,14,90
2009,5,15,90
2009,5,16,90
2009,5,17,90
2009,5,18,90
2009,5,19,90
2009,5,20,90
2009,5,21,90
2009,5,22,90
2009,5,23,90
2009,5,24,90
2009,6,1,42
2009,6,2,42
2009,6,3,42
2009,6,4,42
2009,6,5,42
2009,6,6,42
2009,6,7,42
2009,6,8,42
2009,6,9,42
2009,6,10,42
2009,6,11,42
2009,6,12,42
2009,6,13,42
2009,6,14,42
2009,6,15,42
2009,6,16,42
2009,6,17,42
2009,6,18,42
2009,6,19,42
2009,6,20,42
2009,6,21,42
2009,6,22,42
2009,6,23,42
2009,6,24,42
2009,6,25,42
2009,6,26,42
2009,6,27,42
2009,6,28,42
2009,7,1,229
2009,7,2,229
2009,7,3,229
2009,7,4,229
2009,7,5,229
2009,7,6,229
2009,7,7,229
2009,7,8,229
2009,7,9,229
2009,7,10,229
2009,7,11,229
2009,7,12,229
2009,7,13,229
2009,7,14,229
2009,7,15,229
2009,7,16,229
2009,7,17,229
2009,7,18,229
2009,7,19,229
2009,7,20,229
2009,7,21,229
2009,7,22,229
2009,7,23,229
2009,7,24,229
2009,7,25,229
2009,7,26,229
2009,7,27,229
2009,7,28,229
2009,7,29,229
2009,7,30,229
2009,7,31,229
2009,7,32,229
2009,8,1,117
2009,8,2,117
2009,8,3,117
2009,8,4,117
2009,8,5,117
2009,8,6,117
2009,8,7,117
2009,8,8,117
2009,8,9,117
2009,8,10,117
2009,8,11,117
2009,8,12,117
2009,8,13,117
2009,8,14,117
2009,8,15,117
2009,8,16,117
2009,9,1,117
2009,9,2,117
2009,9,3,117
2009,9,4,117
2009,9,5,117
2009,9,6,117
2009,9,7,117
2009,9,8,117
2009,9,9,117
2009,9,10,117
2009,9,11,117
2009,9,12,117
2009,10,1,117
2009,10,2,117
2009,10,3,117
2009,10,4,117
2009,10,5,117
2009,10,6,117
2009,10,7,117
2009,10,8,117
2009,10,9,117
2009,10,10,117
2009,10,11,117
2009,10,12,117
2009,11,1,122
2009,11,2,122
2009,11,3,122
2009,11,4,122
2009,11,5,122
2009,11,6,122
2009,11,7,122
2009,11,8,122
2009,11,9,122
2009,11,10,122
2009,12,1,364
2009,12,2,364
2009,12,3,364
2009,12,4,364
2009,12,5,364
2009,12,6,364
2009,12,7,364
2009,12,8,364
2009,12,9,364
2009,12,10,364
2009,12,11,364
2009,12,12,364
2009,12,13,364
2009,12,14,364
2009,12,15,364
2009,12,16,364
2009,12,17,364
2009,12,18,364
2009,12,19,364
2009,12,20,364
2009,12,21,364
2009,12,22,364
2009,12,23,364
2009,12,24,364
2009,12,25,364
2009,12,26,364
2009,12,27,364
2009,12,28,364
2009,12,29,364
2009,12,30,364
2009,12,31,364
2009,12,32,364
2009,12,33,364
2009,12,34,364
2009,12,35,364
2009,12,36,364
2009,12,37,364
2009,12,38,364
2009,12,39,364
2009,12,40,364
2009,12,41,364
2009,12,42,364
2009,12,43,364
2009,12,44,364
2009,12,45,364
2009,12,46,364
2009,12,47,364
2009,12,48,364
2009,13,1,197
2009,13,2,197
2009,13,3,197
2009,13,4,197
2009,13,5,197
2009,13,6,197
2009,13,7,197
2009,13,8,197
2009,13,9,197
2009,13,10,197
2009,13,11,197
2009,13,12,240
2009,13,13,364
2009,13,14,361
2009,13,15,197
2009,13,16,240
2009,13,17,240
2009,13,18,364
2009,13,19,364
2009,13,20,364
2009,13,21,364
2009,13,22,364
2009,13,23,364
2009,13,24,364
2009,13,25,364
2009,13,26,364
2009,13,27,364
2009,13,28,364
2009,13,29,364
2009,13,30,364
2009,13,31,364
2009,13,32,364
2009,13,33,364
2009,13,34,364
2009,13,35,364
2009,13,36,364
2009,13,37,364
2009,13,38,364
2009,13,39,364
2009,13,40,364
2009,13,41,364
2009,13,42,364
2009,13,43,364
2009,14,1,364
2009,14,2,364
2009,14,3,364
2009,14,4,364
2009,14,5,364
2009,14,6,364
2009,14,7,364
2009,14,8,364
2009,14,9,364
2009,14,10,364
2009,14,11,364
2009,14,12,364
2009,14,13,364
2009,14,14,364
2009,14,15,364
2009,15,1,364
2009,15,2,364
2009,15,3,364
2009,15,4,364
2009,15,5,364
2009,15,6,364
2009,16,1,200
2009,16,2,200
2009,16,3,200
2009,16,4,200
2009,16,5,364
2009,16,6,364
2009,16,7,364
2009,16,8,364
2009,16,9,364
2009,16,10,364
2009,16,11,364
2009,16,12,364
2009,16,13,364
2009,16,14,364
2009,16,15,364
2009,16,16,364
2009,16,17,200
2009,16,18,200
2009,16,19,200
2009,16,20,200
2009,16,21,200
2009,16,22,200
2009,17,1,364
2009,17,2,364
2009,17,3,364
2009,17,4,364
2009,17,5,364
2009,17,6,364
2009,17,7,364
2009,17,8,364
2009,17,9,364
2009,17,10,364
2009,17,11,364
2009,17,12,364
2009,17,13,364
2009,17,14,364
2009,17,15,364
2009,17,16,364
2009,17,17,364
2009,17,18,364
2009,17,19,364
2009,17,20,209
2009,17,21,364
2009,18,1,216
2009,18,2,130
2009,18,3,130
2009,18,4,130
2009,18,5,216
2009,18,6,193
2009,18,7,196
2009,18,8,196
2009,18,9,133
2009,18,10,193
2009,18,11,216
2009,19,1,157
2009,19,2,157
2009,19,3,209
2009,19,4,157
2009,19,7,119
2009,19,8,119
2009,19,9,119
2009,19,10,119
2009,19,11,119
2009,19,12,119
2009,20,3,176
2009,23,1,364
2009,23,2,364
2009,23,3,364
2009,23,4,364
2009,23,5,364
2009,23,6,333
2009,23,7,364
2009,23,8,364
2009,23,9,364
2009,23,10,358
2009,23,11,364
2009,24,1,342
2009,24,2,111
2009,24,3,166
2009,24,4,133
2009,24,5,146
2009,24,6,136
2009,24,7,155
2009,24,8,247
2009,24,9,13
2009,24,10,342
2009,24,11,330
2009,24,12,342
2009,24,13,126
2009,24,14,138
2009,25,1,230
2009,25,2,230
2009,25,3,230
2009,25,4,230
2009,25,5,230
2009,25,6,230
2009,25,7,349
2009,25,8,230
2009,25,9,274
2009,25,10,274
2009,25,11,274
2009,25,12,274
2009,25,13,274
2009,25,14,254
2009,25,15,274
2009,25,16,274
2009,26,1,364
2009,26,2,364
2009,26,3,364
2009,26,4,352
2009,26,5,352
2009,26,6,364
2009,26,7,364
2009,26,8,364
2009,26,9,364
2009,26,10,364
2009,26,11,364
2009,27,1,267
2009,27,2,267
2009,27,3,267
2009,27,4,267
2009,27,5,267
2009,27,6,267
2009,27,7,267
2009,27,8,267
2009,27,9,267
2009,27,10,267
2009,27,11,267
2009,28,1,117
2009,28,2,117
2009,28,3,117
2009,28,4,117
2009,28,5,117
2009,28,6,117
2009,28,7,117
2009,28,8,117
2009,28,9,117
2009,28,10,117
2009,28,11,117
2009,28,12,117
2009,28,13,117
2009,28,14,117
2009,29,1,132
2009,29,2,132
2009,29,3,364
2009,29,4,364
2009,29,5,364
2009,29,6,364
2009,29,7,364
2009,29,8,364
2009,29,9,364
2009,29,10,364
2009,29,11,364
2009,29,12,364
2009,29,13,364
2009,29,14,364
2009,29,15,364
2009,29,16,364
2009,29,17,364
2009,101,1,43
2009,101,2,43
2009,101,3,43
2009,101,4,43
2009,101,5,43
2009,101,6,43
2009,101,7,43
2009,101,8,43
2009,101,9,43
2009,101,10,43
2009,107,1,43
2009,107,2,43
2009,107,3,43
2009,121,1,122
2009,121,2,122
2009,121,3,122
2009,130,1,122
2009,130,2,122
2009,130,3,122
2009,142,1,122
2009,142,2,122
2010,1,1,364
2010,1,2,364
2010,1,3,364
2010,1,4,364
2010,1,5,364
2010,1,6,364
2010,1,7,364
2010,2,1,249
2010,2,2,263
2010,2,3,263
2010,2,4,263
2010,2,5,263
2010,2,6,263
2010,2,7,263
2010,2,8,263
2010,2,9,263
2010,2,10,263
2010,2,11,263
2010,2,12,263
2010,2,13,263
2010,2,14,263
2010,2,15,263
2010,2,16,263
2010,2,17,263
2010,2,18,263
2010,2,19,263
2010,2,31,263
2010,2,32,263
2010,2,33,263
2010,2,34,263
2010,2,35,263
2010,2,36,263
2010,2,37,263
2010,2,38,263
2010,2,39,263
2010,2,40,263
2010,2,41,263
2010,2,42,263
2010,2,43,263
2010,2,44,263
2010,2,45,263
2010,2,46,263
2010,2,47,263
2010,2,48,263
2010,2,49,263
2010,2,50,263
2010,2,51,263
2010,2,52,263
2010,2,53,263
2010,2,54,263
2010,2,55,263
2010,2,56,263
2010,2,57,263
2010,2,58,263
2010,2,59,263
2010,2,60,263
2010,2,61,263
2010,2,62,263
2010,2,63,263
2010,2,64,263
2010,2,65,263
2010,2,66,263
2010,2,67,263
2010,2,68,263
2010,2,69,263
2010,2,70,263
2010,2,71,263
2010,2,72,263
2010,2,73,263
2010,2,74,263
2010,2,75,263
2010,2,76,263
2010,2,77,263
2010,2,78,263
2010,2,79,263
2010,2,80,263
2010,2,81,263
2010,2,82,263
2010,2,83,263
2010,2,84,263
2010,2,85,263
2010,2,86,263
2010,2,87,263
2010,2,88,263
2010,2,89,263
2010,2,90,263
2010,2,91,263
2010,2,92,263
2010,2,93,263
2010,2,94,263
2010,2,95,263
2010,2,96,263
2010,2,97,263
2010,2,98,263
2010,2,99,263
2010,2,100,263
2010,3,1,350
2010,3,2,350
2010,3,3,350
2010,3,4,350
2010,3,5,350
2010,3,6,350
2010,3,7,350
2010,3,8,350
2010,3,9,350
2010,3,10,350
2010,3,11,350
2010,3,12,350
2010,3,13,350
2010,3,14,350
2010,3,15,350
2010,3,16,350
2010,3,17,350
2010,3,18,350
2010,4,1,350
2010,4,2,350
2010,4,3,350
2010,4,4,350
2010,4,5,350
2010,4,6,350
2010,4,7,350
2010,4,8,350
2010,4,9,350
2010,4,10,350
2010,4,11,350
2010,4,12,350
2010,4,13,350
2010,4,14,350
2010,4,15,350
2010,5,1,184
2010,5,2,184
2010,5,3,184
2010,5,4,184
2010,5,5,184
2010,5,6,184
2010,5,7,184
2010,5,8,184
2010,5,9,184
2010,5,10,184
2010,5,11,184
2010,5,12,184
2010,5,13,184
2010,5,14,184
2010,5,15,184
2010,5,16,184
2010,5,17,184
2010,5,18,184
2010,5,19,184
2010,5,20,184
2010,5,21,184
2010,5,22,184
2010,5,23,184
2010,5,24,184
2010,6,1,161
2010,6,2,147
2010,6,3,147
2010,6,4,147
2010,6,5,147
2010,6,6,147
2010,6,7,147
2010,6,8,147
2010,6,9,147
2010,6,10,147
2010,6,11,147
2010,6,12,147
2010,6,13,148
2010,6,14,70
2010,6,15,147
2010,6,16,142
2010,6,17,148
2010,6,18,147
2010,6,19,147
2010,6,20,147
2010,6,21,147
2010,6,22,147
2010,6,23,147
2010,6,24,147
2010,6,25,147
2010,6,26,147
2010,6,27,147
2010,6,28,147
2010,7,1,364
2010,7,2,354
2010,7,3,364
2010,7,4,364
2010,7,5,364
2010,7,6,364
2010,7,7,364
2010,7,8,364
2010,7,9,364
2010,7,10,364
2010,7,11,364
2010,7,12,364
2010,7,13,364
2010,7,14,364
2010,7,15,364
2010,7,16,364
2010,7,17,364
2010,7,18,364
2010,7,19,364
2010,7,20,364
2010,7,21,364
2010,7,22,364
2010,7,23,364
2010,7,24,364
2010,7,25,364
2010,7,26,358
2010,7,27,358
2010,7,28,364
2010,7,29,364
2010,7,30,364
2010,7,31,364
2010,7,32,364
2010,8,1,252
2010,8,2,252
2010,8,3,252
2010,8,4,252
2010,8,5,252
2010,8,6,252
2010,8,7,252
2010,8,8,252
2010,8,9,252
2010,8,10,252
2010,8,11,252
2010,8,12,252
2010,8,13,252
2010,8,14,252
2010,8,15,252
2010,8,16,252
2010,9,1,238
2010,9,2,238
2010,9,3,238
2010,9,4,238
2010,9,5,238
2010,9,6,238
2010,9,7,238
2010,9,8,238
2010,9,9,238
2010,9,10,238
2010,9,11,238
2010,9,12,238
2010,10,1,292
2010,10,2,292
2010,10,3,292
2010,10,4,292
2010,10,5,297
2010,10,6,292
2010,10,7,292
2010,10,8,292
2010,10,9,292
2010,10,10,292
2010,10,11,292
2010,10,12,292
2010,12,1,316
2010,12,2,316
2010,12,3,316
2010,12,4,316
2010,12,5,316
2010,12,6,316
2010,12,7,316
2010,12,8,316
2010,12,9,316
2010,12,10,316
2010,12,11,316
2010,12,12,316
2010,12,13,316
2010,12,14,316
2010,12,15,316
2010,12,16,316
2010,12,17,316
2010,12,18,316
2010,12,19,316
2010,12,20,316
2010,12,21,316
2010,12,22,316
2010,12,23,316
2010,12,24,316
2010,12,25,316
2010,12,26,316
2010,12,27,316
2010,12,28,364
2010,12,29,364
2010,12,30,316
2010,12,31,316
2010,12,32,316
2010,12,33,316
2010,12,34,316
2010,12,35,316
2010,12,36,316
2010,12,37,316
2010,12,38,316
2010,12,39,316
2010,12,40,316
2010,12,41,316
2010,12,42,316
2010,12,43,316
2010,12,44,316
2010,12,45,316
2010,12,46,316
2010,12,47,316
2010,12,48,316
2010,13,1,146
2010,13,2,146
2010,13,3,199
2010,13,4,146
2010,13,5,146
2010,13,6,146
2010,13,7,146
2010,13,8,146
2010,13,9,146
2010,13,10,199
2010,13,11,146
2010,13,12,146
2010,13,13,364
2010,13,14,146
2010,13,15,146
2010,13,16,146
2010,13,17,146
2010,13,18,364
2010,13,19,364
2010,13,20,364
2010,13,21,364
2010,13,22,364
2010,13,23,364
2010,13,24,364
2010,13,25,364
2010,13,26,364
2010,13,27,364
2010,13,28,364
2010,13,29,364
2010,13,30,364
2010,13,31,364
2010,13,32,364
2010,13,33,364
2010,13,34,364
2010,13,35,364
2010,13,36,364
2010,13,37,364
2010,13,38,364
2010,13,39,364
2010,13,40,364
2010,13,41,364
2010,13,42,364
2010,13,43,364
2010,14,1,364
2010,14,2,364
2010,14,3,364
2010,14,4,364
2010,14,5,364
2010,14,6,364
2010,14,7,364
2010,14,8,364
2010,14,9,364
2010,14,10,364
2010,14,11,364
2010,14,12,364
2010,14,13,364
2010,14,14,364
2010,14,15,364
2010,15,1,336
2010,15,2,364
2010,15,3,336
2010,15,4,239
2010,15,5,364
2010,15,6,364
2010,16,1,364
2010,16,2,364
2010,16,3,364
2010,16,4,364
2010,16,5,364
2010,16,6,364
2010,16,7,364
2010,16,8,364
2010,16,9,364
2010,16,10,364
2010,16,11,364
2010,16,12,364
2010,16,13,364
2010,16,14,364
2010,16,15,364
2010,16,16,364
2010,16,17,364
2010,16,18,364
2010,16,19,364
2010,16,20,364
2010,16,21,364
2010,16,22,364
2010,17,1,364
2010,17,2,364
2010,17,3,364
2010,17,4,364
2010,17,5,364
2010,17,6,285
2010,17,7,364
2010,17,8,285
2010,17,9,364
2010,17,10,364
2010,17,11,364
2010,17,12,364
2010,17,13,364
2010,17,14,364
2010,17,15,364
2010,17,16,364
2010,17,17,364
2010,17,18,364
2010,17,19,364
2010,17,20,364
2010,17,21,364
2010,18,1,364
2010,18,2,315
2010,18,3,315
2010,18,4,315
2010,18,5,364
2010,18,6,364
2010,18,7,364
2010,18,8,364
2010,18,9,315
2010,18,10,364
2010,18,11,364
2010,19,1,364
2010,19,2,364
2010,19,3,364
2010,19,4,364
2010,19,5,238
2010,19,6,238
2010,19,7,364
2010,19,8,364
2010,19,9,364
2010,19,10,364
2010,19,11,364
2010,19,12,364
2010,20,1,112
2010,20,2,112
2010,20,3,320
2010,20,4,143
2010,20,5,99
2010,20,6,99
2010,20,7,99
2010,21,0,350
2010,22,0,350
2010,23,1,364
2010,23,2,364
2010,23,3,364
2010,23,4,357
2010,23,5,357
2010,23,6,349
2010,23,7,357
2010,23,8,357
2010,23,9,357
2010,23,10,352
2010,23,11,357
2010,24,1,364
2010,24,2,308
2010,24,3,308
2010,24,4,308
2010,24,5,364
2010,24,6,308
2010,24,7,308
2010,24,8,301
2010,24,9,324
2010,24,10,342
2010,24,11,342
2010,24,12,342
2010,24,13,286
2010,24,14,308
2010,25,1,364
2010,25,2,364
2010,25,3,364
2010,25,4,364
2010,25,5,364
2010,25,6,364
2010,25,7,364
2010,25,8,364
2010,25,9,364
2010,25,10,364
2010,25,11,364
2010,25,12,364
2010,25,13,364
2010,25,14,364
2010,25,15,364
2010,25,16,364
2010,26,1,364
2010,26,2,364
2010,26,3,364
2010,26,4,364
2010,26,5,364
2010,26,6,364
2010,26,7,364
2010,26,8,364
2010,26,9,364
2010,26,10,364
2010,26,11,364
2010,27,1,364
2010,27,2,364
2010,27,3,364
2010,27,4,364
2010,27,5,364
2010,27,6,364
2010,27,7,364
2010,27,8,336
2010,27,9,336
2010,27,10,364
2010,27,11,364
2010,28,1,350
2010,28,2,350
2010,28,3,350
2010,28,4,350
2010,28,5,350
2010,28,6,350
2010,28,7,350
2010,28,8,350
2010,28,9,350
2010,28,10,350
2010,28,11,350
2010,28,12,350
2010,28,13,350
2010,28,14,350
2010,29,1,184
2010,29,2,184
2010,29,3,364
2010,29,4,364
2010,29,5,330
2010,29,6,364
2010,29,7,364
2010,29,8,364
2010,29,9,364
2010,29,10,364
2010,29,11,364
2010,29,12,364
2010,29,13,364
2010,29,14,364
2010,29,15,364
2010,29,16,364
2010,29,17,364
2011,1,1,364
2011,1,2,364
2011,1,3,364
2011,1,4,364
2011,1,5,364
2011,1,6,364
2011,1,7,364
2011,2,1,364
2011,2,2,364
2011,2,3,364
2011,2,4,364
2011,2,5,364
2011,2,6,364
2011,2,7,364
2011,2,8,364
2011,2,9,364
2011,2,10,364
2011,2,11,364
2011,2,12,364
2011,2,13,364
2011,2,14,364
2011,2,15,364
2011,2,16,364
2011,2,17,364
2011,2,18,364
2011,2,19,364
2011,2,31,364
2011,2,32,364
2011,2,33,364
2011,2,34,364
2011,2,35,364
2011,2,36,364
2011,2,37,364
2011,2,38,364
2011,2,39,364
2011,2,40,364
2011,2,41,364
2011,2,42,364
2011,2,43,364
2011,2,44,364
2011,2,45,364
2011,2,46,364
2011,2,47,364
2011,2,48,364
2011,2,49,364
2011,2,50,364
2011,2,51,364
2011,2,52,364
2011,2,53,364
2011,2,54,364
2011,2,55,364
2011,2,56,364
2011,2,57,364
2011,2,58,364
2011,2,59,364
2011,2,60,364
2011,2,61,364
2011,2,62,364
2011,2,63,364
2011,2,64,364
2011,2,65,364
2011,2,66,364
2011,2,67,364
2011,2,68,364
2011,2,69,364
2011,2,70,364
2011,2,71,364
2011,2,72,364
2011,2,73,364
2011,2,74,364
2011,2,75,364
2011,2,76,364
2011,2,77,364
2011,2,78,364
2011,2,79,364
2011,2,80,364
2011,2,81,364
2011,2,82,364
2011,2,83,364
2011,2,84,364
2011,2,85,364
2011,2,86,364
2011,2,87,364
2011,2,88,364
2011,2,89,364
2011,2,90,364
2011,2,91,364
2011,2,92,364
2011,2,93,364
2011,2,94,364
2011,2,95,364
2011,2,96,364
2011,2,97,364
2011,2,98,364
2011,2,99,364
2011,2,100,364
2011,3,1,355
2011,3,2,355
2011,3,3,355
2011,3,4,355
2011,3,5,355
2011,3,6,355
2011,3,7,355
2011,3,8,355
2011,3,9,355
2011,3,10,355
2011,3,11,355
2011,3,12,355
2011,3,13,355
2011,3,14,355
2011,3,15,355
2011,3,16,355
2011,3,17,355
2011,3,18,355
2011,4,1,355
2011,4,2,355
2011,4,3,355
2011,4,4,355
2011,4,5,355
2011,4,6,355
2011,4,7,355
2011,4,8,355
2011,4,9,355
2011,4,10,355
2011,4,11,355
2011,4,12,355
2011,4,13,355
2011,4,14,355
2011,4,15,355
2011,5,1,302
2011,5,2,302
2011,5,3,302
2011,5,4,302
2011,5,5,302
2011,5,6,302
2011,5,7,302
2011,5,8,302
2011,5,9,302
2011,5,10,302
2011,5,11,302
2011,5,12,302
2011,5,13,302
2011,5,14,311
2011,5,15,302
2011,5,16,311
2011,5,17,311
2011,5,18,302
2011,5,19,311
2011,5,20,302
2011,5,21,302
2011,5,22,302
2011,5,23,302
2011,5,24,302
2011,6,1,350
2011,6,2,350
2011,6,3,350
2011,6,4,350
2011,6,5,350
2011,6,6,350
2011,6,7,350
2011,6,8,350
2011,6,9,350
2011,6,10,350
2011,6,11,350
2011,6,12,350
2011,6,13,350
2011,6,14,344
2011,6,15,350
2011,6,16,350
2011,6,17,350
2011,6,18,350
2011,6,19,350
2011,6,20,350
2011,6,21,350
2011,6,22,350
2011,6,23,350
2011,6,24,350
2011,6,25,350
2011,6,26,350
2011,6,27,350
2011,6,28,350
2011,7,1,364
2011,7,2,364
2011,7,3,364
2011,7,4,364
2011,7,5,364
2011,7,6,364
2011,7,7,364
2011,7,8,364
2011,7,9,364
2011,7,10,364
2011,7,11,364
2011,7,12,364
2011,7,13,364
2011,7,14,364
2011,7,15,364
2011,7,16,364
2011,7,17,364
2011,7,18,364
2011,7,19,364
2011,7,20,364
2011,7,21,364
2011,7,22,364
2011,7,23,364
2011,7,24,364
2011,7,25,364
2011,7,26,364
2011,7,27,364
2011,7,28,364
2011,7,29,364
2011,7,30,364
2011,7,31,364
2011,7,32,364
2011,8,1,34
2011,8,2,34
2011,8,3,34
2011,8,4,34
2011,8,5,34
2011,8,6,34
2011,8,7,34
2011,8,8,34
2011,8,9,34
2011,8,10,34
2011,8,11,34
2011,8,12,34
2011,8,13,34
2011,8,14,34
2011,8,15,34
2011,8,16,34
2011,9,1,364
2011,9,2,364
2011,9,3,364
2011,9,4,364
2011,9,5,364
2011,9,6,364
2011,9,7,364
2011,9,8,364
2011,9,9,364
2011,9,10,364
2011,9,11,364
2011,9,12,364
2011,10,1,364
2011,10,2,364
2011,10,3,364
2011,10,4,364
2011,10,5,364
2011,10,6,364
2011,10,7,364
2011,10,8,364
2011,10,9,364
2011,10,10,364
2011,10,11,364
2011,10,12,364
2011,11,1,32
2011,11,2,32
2011,11,3,32
2011,11,4,32
2011,11,5,32
2011,11,6,32
2011,11,7,32
2011,11,8,32
2011,11,9,32
2011,11,10,32
2011,12,1,345
2011,12,2,345
2011,12,3,345
2011,12,4,345
2011,12,5,345
2011,12,6,364
2011,12,7,345
2011,12,8,364
2011,12,9,364
2011,12,10,345
2011,12,11,345
2011,12,12,345
2011,12,13,345
2011,12,14,345
2011,12,15,345
2011,12,16,364
2011,12,17,364
2011,12,18,345
2011,12,19,345
2011,12,20,345
2011,12,21,345
2011,12,22,345
2011,12,23,345
2011,12,24,345
2011,12,25,345
2011,12,26,345
2011,12,27,345
2011,12,28,345
2011,12,29,364
2011,12,30,364
2011,12,31,364
2011,12,32,345
2011,12,33,345
2011,12,34,345
2011,12,35,345
2011,12,36,345
2011,12,37,345
2011,12,38,345
2011,12,39,345
2011,12,40,345
2011,12,41,345
2011,12,42,345
2011,12,43,345
2011,12,44,345
2011,12,45,345
2011,12,46,345
2011,12,47,345
2011,12,48,345
2011,13,1,57
2011,13,2,57
2011,13,3,57
2011,13,4,57
2011,13,5,57
2011,13,6,57
2011,13,7,57
2011,13,8,57
2011,13,9,57
2011,13,10,57
2011,13,11,57
2011,13,12,64
2011,13,13,273
2011,13,14,91
2011,13,15,198
2011,13,16,123
2011,13,17,116
2011,13,18,364
2011,13,19,295
2011,13,20,295
2011,13,21,295
2011,13,22,295
2011,13,23,295
2011,13,24,295
2011,13,25,295
2011,13,26,295
2011,13,27,295
2011,13,28,295
2011,13,29,295
2011,13,30,295
2011,13,31,295
2011,13,32,295
2011,13,33,295
2011,13,34,295
2011,13,35,295
2011,13,36,295
2011,13,37,295
2011,13,38,295
2011,13,39,295
2011,13,40,295
2011,13,41,295
2011,13,42,295
2011,13,43,295
2011,14,1,364
2011,14,2,364
2011,14,3,364
2011,14,4,364
2011,14,5,364
2011,14,6,337
2011,14,7,295
2011,14,8,364
2011,14,9,364
2011,14,10,364
2011,14,11,289
2011,14,12,337
2011,14,13,337
2011,14,14,342
2011,14,15,362
2011,15,1,289
2011,15,2,268
2011,15,3,364
2011,15,4,298
2011,15,5,306
2011,15,6,364
2011,16,1,335
2011,16,2,268
2011,16,3,268
2011,16,4,268
2011,16,5,268
2011,16,6,268
2011,16,7,268
2011,16,8,268
2011,16,9,268
2011,16,10,268
2011,16,11,268
2011,16,12,268
2011,16,13,268
2011,16,14,349
2011,16,15,349
2011,16,16,198
2011,16,17,349
2011,16,18,349
2011,16,19,349
2011,16,20,349
2011,16,21,349
2011,16,22,268
2011,17,1,364
2011,17,2,364
2011,17,3,364
2011,17,4,364
2011,17,5,364
2011,17,6,199
2011,17,7,364
2011,17,8,51
2011,17,9,364
2011,17,10,364
2011,17,11,364
2011,17,12,364
2011,17,13,364
2011,17,14,364
2011,17,15,364
2011,17,16,364
2011,17,17,364
2011,17,18,364
2011,17,19,364
2011,17,20,364
2011,17,21,364
2011,18,1,364
2011,18,2,284
2011,18,3,271
2011,18,4,271
2011,18,5,364
2011,18,6,286
2011,18,7,286
2011,18,8,364
2011,18,9,284
2011,18,10,286
2011,18,11,364
2011,19,1,364
2011,19,2,364
2011,19,3,364
2011,19,4,364
2011,19,5,364
2011,19,6,364
2011,19,7,364
2011,19,8,364
2011,19,9,364
2011,19,10,364
2011,19,11,364
2011,19,12,364
2011,20,4,364
2011,21,0,32
2011,22,0,32
2011,23,1,364
2011,23,2,364
2011,23,3,364
2011,23,4,364
2011,23,5,364
2011,23,6,364
2011,23,7,364
2011,23,8,364
2011,23,9,364
2011,23,10,364
2011,23,11,364
2011,24,1,364
2011,24,2,364
2011,24,3,364
2011,24,4,364
2011,24,5,364
2011,24,6,364
2011,24,7,364
2011,24,8,364
2011,24,9,364
2011,24,10,364
2011,24,11,364
2011,24,12,364
2011,24,13,364
2011,24,14,364
2011,25,1,364
2011,25,2,364
2011,25,3,364
2011,25,4,334
2011,25,5,334
2011,25,6,364
2011,25,7,364
2011,25,8,364
2011,25,9,364
2011,25,10,364
2011,25,11,364
2011,25,12,364
2011,25,13,334
2011,25,14,364
2011,25,15,364
2011,25,16,364
2011,26,1,364
2011,26,2,364
2011,26,3,364
2011,26,4,364
2011,26,5,364
2011,26,6,364
2011,26,7,364
2011,26,8,364
2011,26,9,364
2011,26,10,364
2011,26,11,364
2011,27,1,364
2011,27,2,364
2011,27,3,364
2011,27,4,364
2011,27,5,364
2011,27,6,364
2011,27,7,359
2011,27,8,359
2011,27,9,359
2011,27,10,359
2011,27,11,359
2011,28,1,32
2011,28,2,32
2011,28,3,32
2011,28,4,32
2011,28,5,32
2011,28,6,32
2011,28,7,32
2011,28,8,32
2011,28,9,32
2011,28,10,32
2011,28,11,32
2011,28,12,32
2011,28,13,32
2011,28,14,32
2011,29,1,364
2011,29,2,364
2011,29,3,364
2011,29,4,364
2011,29,5,364
2011,29,6,364
2011,29,7,364
2011,29,8,364
2011,29,9,364
2011,29,10,364
2011,29,11,364
2011,29,12,364
2011,29,13,364
2011,29,14,364
2011,29,15,364
2011,29,16,364
2011,29,17,364
2011,106,1,85
2011,106,2,76
2011,111,0,14
2011,121,1,32
2011,121,2,32
2011,121,3,32
2011,130,1,279
2011,130,2,279
2011,130,3,279
2011,142,1,279
2011,142,2,279
2012,1,1,365
2012,1,2,365
2012,1,3,365
2012,1,4,365
2012,1,5,365
2012,1,6,365
2012,1,7,365
2012,2,1,365
2012,2,2,365
2012,2,3,365
2012,2,4,365
2012,2,5,365
2012,2,6,365
2012,2,7,365
2012,2,8,365
2012,2,9,365
2012,2,10,365
2012,2,11,365
2012,2,12,365
2012,2,13,365
2012,2,14,365
2012,2,15,365
2012,2,16,365
2012,2,17,365
2012,2,18,365
2012,2,19,365
2012,2,31,365
2012,2,32,365
2012,2,33,365
2012,2,34,365
2012,2,35,365
2012,2,36,365
2012,2,37,365
2012,2,38,365
2012,2,39,365
2012,2,40,365
2012,2,41,365
2012,2,42,365
2012,2,43,365
2012,2,44,365
2012,2,45,365
2012,2,46,365
2012,2,47,365
2012,2,48,365
2012,2,49,365
2012,2,50,324
2012,2,51,324
2012,2,52,324
2012,2,53,324
2012,2,54,324
2012,2,55,324
2012,2,56,324
2012,2,57,324
2012,2,58,324
2012,2,59,324
2012,2,60,365
2012,2,61,365
2012,2,62,365
2012,2,63,365
2012,2,64,365
2012,2,65,365
2012,2,66,365
2012,2,67,365
2012,2,68,365
2012,2,69,365
2012,2,70,365
2012,2,71,365
2012,2,72,365
2012,2,73,365
2012,2,74,365
2012,2,75,365
2012,2,76,365
2012,2,77,365
2012,2,78,337
2012,2,79,365
2012,2,80,365
2012,2,81,365
2012,2,82,365
2012,2,83,365
2012,2,84,365
2012,2,85,343
2012,2,86,343
2012,2,87,343
2012,2,88,343
2012,2,89,343
2012,2,90,343
2012,2,91,343
2012,2,92,365
2012,2,93,365
2012,2,94,365
2012,2,95,365
2012,2,96,365
2012,2,97,365
2012,2,98,365
2012,2,99,365
2012,2,100,365
2012,3,1,30
2012,3,2,30
2012,3,3,30
2012,3,4,30
2012,3,5,365
2012,3,6,30
2012,3,7,30
2012,3,8,30
2012,3,9,30
2012,3,10,30
2012,3,11,30
2012,3,12,30
2012,3,13,30
2012,3,14,30
2012,3,15,30
2012,3,16,30
2012,3,17,30
2012,3,18,30
2012,4,1,30
2012,4,2,30
2012,4,3,337
2012,4,4,58
2012,4,5,30
2012,4,6,30
2012,4,7,30
2012,4,8,30
2012,4,9,30
2012,4,10,30
2012,4,11,30
2012,4,12,30
2012,4,13,30
2012,4,14,30
2012,4,15,30
2012,5,1,365
2012,5,2,365
2012,5,3,365
2012,5,4,365
2012,5,5,365
2012,5,6,365
2012,5,7,365
2012,5,8,365
2012,5,9,365
2012,5,10,365
2012,5,11,365
2012,5,12,365
2012,5,13,365
2012,5,14,365
2012,5,15,365
2012,5,16,365
2012,5,17,365
2012,5,18,365
2012,5,19,365
2012,5,20,365
2012,5,21,365
2012,5,22,365
2012,5,23,365
2012,5,24,365
2012,6,1,365
2012,6,2,365
2012,6,3,365
2012,6,4,365
2012,6,5,365
2012,6,6,365
2012,6,7,365
2012,6,8,365
2012,6,9,365
2012,6,10,365
2012,6,11,365
2012,6,12,365
2012,6,13,365
2012,6,14,365
2012,6,15,365
2012,6,16,365
2012,6,17,365
2012,6,18,365
2012,6,19,365
2012,6,20,365
2012,6,21,365
2012,6,22,365
2012,6,23,365
2012,6,24,365
2012,6,25,365
2012,6,26,365
2012,6,27,365
2012,6,28,365
2012,7,1,365
2012,7,2,365
2012,7,3,365
2012,7,4,365
2012,7,5,365
2012,7,6,365
2012,7,7,365
2012,7,8,365
2012,7,9,365
2012,7,10,365
2012,7,11,365
2012,7,12,365
2012,7,13,365
2012,7,14,365
2012,7,15,365
2012,7,16,365
2012,7,17,365
2012,7,18,365
2012,7,19,365
2012,7,20,365
2012,7,21,365
2012,7,22,365
2012,7,23,365
2012,7,24,365
2012,7,25,365
2012,7,26,365
2012,7,27,365
2012,7,28,365
2012,7,29,365
2012,7,30,365
2012,7,31,365
2012,7,32,365
2012,8,1,143
2012,8,2,143
2012,8,3,143
2012,8,4,143
2012,8,5,143
2012,8,6,143
2012,8,7,143
2012,8,8,143
2012,8,9,143
2012,8,10,143
2012,8,11,143
2012,8,12,143
2012,8,13,143
2012,8,14,143
2012,8,15,143
2012,8,16,143
2012,9,1,365
2012,9,2,365
2012,9,3,365
2012,9,4,365
2012,9,5,365
2012,9,6,365
2012,9,7,365
2012,9,8,365
2012,9,9,365
2012,9,10,365
2012,9,11,365
2012,9,12,365
2012,10,1,273
2012,10,2,273
2012,10,3,273
2012,10,4,273
2012,10,5,273
2012,10,6,273
2012,10,7,273
2012,10,8,273
2012,10,9,273
2012,10,10,273
2012,10,11,273
2012,10,12,273
2012,12,1,365
2012,12,2,365
2012,12,3,365
2012,12,4,365
2012,12,5,365
2012,12,6,365
2012,12,7,365
2012,12,8,365
2012,12,9,365
2012,12,10,365
2012,12,11,365
2012,12,12,365
2012,12,13,365
2012,12,14,365
2012,12,15,365
2012,12,16,365
2012,12,17,365
2012,12,18,365
2012,12,19,365
2012,12,20,365
2012,12,21,365
2012,12,22,365
2012,12,23,365
2012,12,24,365
2012,12,25,365
2012,12,26,365
2012,12,27,365
2012,12,28,365
2012,12,29,365
2012,12,30,365
2012,12,31,365
2012,12,32,365
2012,12,33,365
2012,12,34,365
2012,12,35,365
2012,12,36,365
2012,12,37,365
2012,12,38,365
2012,12,39,365
2012,12,40,365
2012,12,41,365
2012,12,42,365
2012,12,43,365
2012,12,44,365
2012,12,45,365
2012,12,46,365
2012,12,47,365
2012,12,48,365
2012,13,1,365
2012,13,2,365
2012,13,3,182
2012,13,4,193
2012,13,5,193
2012,13,6,193
2012,13,7,193
2012,13,8,193
2012,13,9,193
2012,13,10,193
2012,13,11,193
2012,13,12,365
2012,13,13,365
2012,13,14,365
2012,13,15,365
2012,13,16,365
2012,13,17,365
2012,13,18,365
2012,13,19,365
2012,13,20,365
2012,13,21,365
2012,13,22,365
2012,13,23,365
2012,13,24,365
2012,13,25,365
2012,13,26,365
2012,13,27,365
2012,13,28,365
2012,13,29,365
2012,13,30,365
2012,13,31,365
2012,13,32,365
2012,13,33,365
2012,13,34,365
2012,13,35,365
2012,13,36,365
2012,13,37,365
2012,13,38,365
2012,13,39,365
2012,13,40,365
2012,13,41,365
2012,13,42,365
2012,13,43,365
2012,14,1,365
2012,14,2,365
2012,14,3,365
2012,14,4,365
2012,14,5,48
2012,14,6,365
2012,14,7,365
2012,14,8,48
2012,14,9,365
2012,14,10,365
2012,14,11,365
2012,14,12,365
2012,14,13,365
2012,14,14,365
2012,15,1,365
2012,15,2,365
2012,15,3,365
2012,15,4,365
2012,15,5,302
2012,15,6,365
2012,16,1,365
2012,16,2,365
2012,16,3,365
2012,16,4,365
2012,16,5,365
2012,16,6,365
2012,16,7,365
2012,16,8,365
2012,16,9,365
2012,16,10,365
2012,16,11,365
2012,16,12,365
2012,16,13,365
2012,16,14,365
2012,16,15,365
2012,16,16,365
2012,16,17,365
2012,16,18,365
2012,16,19,365
2012,16,20,365
2012,16,21,365
2012,16,22,365
2012,17,1,365
2012,17,2,365
2012,17,3,365
2012,17,4,348
2012,17,5,347
2012,17,6,347
2012,17,7,348
2012,17,8,348
2012,17,9,348
2012,17,10,365
2012,17,11,281
2012,17,12,365
2012,17,13,365
2012,17,14,356
2012,17,15,356
2012,17,16,365
2012,17,17,365
2012,17,18,365
2012,17,19,320
2012,17,20,292
2012,17,21,365
2012,18,1,362
2012,18,2,362
2012,18,3,365
2012,18,4,362
2012,18,5,362
2012,18,6,362
2012,18,7,365
2012,18,8,362
2012,18,9,362
2012,18,10,362
2012,18,11,362
2012,19,1,365
2012,19,2,365
2012,19,3,365
2012,19,4,365
2012,19,5,365
2012,19,6,365
2012,19,7,365
2012,19,8,365
2012,19,9,365
2012,19,10,365
2012,19,11,365
2012,19,12,365
2012,20,1,122
2012,20,2,122
2012,20,3,122
2012,20,4,87
2012,20,5,87
2012,20,6,5
2012,20,7,5
2012,21,0,150
2012,23,1,365
2012,23,2,365
2012,23,3,365
2012,23,4,365
2012,23,5,365
2012,23,6,356
2012,23,7,365
2012,23,8,365
2012,23,9,365
2012,23,10,365
2012,23,11,365
2012,24,1,365
2012,24,2,365
2012,24,3,365
2012,24,4,365
2012,24,5,365
2012,24,6,365
2012,24,7,365
2012,24,8,365
2012,24,9,365
2012,24,10,365
2012,24,11,365
2012,24,12,365
2012,24,13,365
2012,24,14,365
2012,25,1,365
2012,25,2,365
2012,25,3,365
2012,25,4,365
2012,25,5,365
2012,25,6,365
2012,25,7,365
2012,25,8,365
2012,25,9,365
2012,25,10,365
2012,25,11,365
2012,25,12,365
2012,25,13,365
2012,25,14,365
2012,25,15,365
2012,25,16,365
2012,26,1,362
2012,26,2,348
2012,26,3,348
2012,26,4,348
2012,26,5,365
2012,26,6,362
2012,26,7,362
2012,26,8,348
2012,26,9,348
2012,26,10,348
2012,26,11,348
2012,27,1,365
2012,27,2,365
2012,27,3,365
2012,27,4,365
2012,27,5,365
2012,27,6,365
2012,27,7,365
2012,27,8,213
2012,27,9,365
2012,27,10,365
2012,27,11,365
2012,28,1,173
2012,28,2,173
2012,28,3,173
2012,28,4,173
2012,28,5,173
2012,28,6,173
2012,28,7,173
2012,28,8,173
2012,28,9,173
2012,28,10,274
2012,28,11,173
2012,28,12,173
2012,28,13,173
2012,28,14,173
2012,29,3,244
2012,29,8,30
2012,29,9,244
2012,101,1,97
2012,101,2,97
2012,101,3,97
2012,101,4,97
2012,101,5,97
2012,101,6,97
2012,101,7,97
2012,101,8,97
2012,101,9,97
2012,101,10,97
2012,130,1,268
2012,130,2,268
2012,130,3,268
2012,142,1,268
2012,142,2,268
2013,1,1,364
2013,1,2,364
2013,1,3,364
2013,1,4,364
2013,1,5,364
2013,1,6,364
2013,1,7,364
2013,2,1,364
2013,2,2,364
2013,2,3,364
2013,2,4,364
2013,2,5,364
2013,2,6,364
2013,2,7,364
2013,2,8,364
2013,2,9,364
2013,2,10,364
2013,2,11,364
2013,2,12,364
2013,2,13,364
2013,2,14,364
2013,2,15,364
2013,2,16,364
2013,2,17,364
2013,2,18,364
2013,2,19,364
2013,2,31,364
2013,2,32,364
2013,2,33,364
2013,2,34,364
2013,2,35,364
2013,2,36,364
2013,2,37,364
2013,2,38,364
2013,2,39,364
2013,2,40,364
2013,2,41,364
2013,2,42,364
2013,2,43,364
2013,2,44,364
2013,2,45,364
2013,2,46,364
2013,2,47,364
2013,2,48,364
2013,2,49,364
2013,2,50,364
2013,2,51,364
2013,2,52,364
2013,2,53,364
2013,2,54,364
2013,2,55,364
2013,2,56,364
2013,2,57,364
2013,2,58,364
2013,2,59,364
2013,2,60,364
2013,2,61,364
2013,2,62,364
2013,2,63,364
2013,2,64,364
2013,2,65,364
2013,2,66,364
2013,2,67,364
2013,2,68,364
2013,2,69,364
2013,2,70,364
2013,2,71,364
2013,2,72,364
2013,2,73,364
2013,2,74,364
2013,2,75,364
2013,2,76,364
2013,2,77,364
2013,2,78,364
2013,2,79,364
2013,2,80,364
2013,2,81,364
2013,2,82,364
2013,2,83,364
2013,2,84,364
2013,2,85,364
2013,2,86,364
2013,2,87,364
2013,2,88,364
2013,2,89,364
2013,2,90,364
2013,2,91,364
2013,2,92,364
2013,2,93,364
2013,2,94,364
2013,2,95,364
2013,2,96,364
2013,2,97,364
2013,2,98,364
2013,2,99,364
2013,2,100,364
2013,5,1,364
2013,5,2,364
2013,5,3,364
2013,5,4,364
2013,5,5,364
2013,5,6,364
2013,5,7,364
2013,5,8,364
2013,5,9,364
2013,5,10,364
2013,5,11,364
2013,5,12,364
2013,5,13,364
2013,5,14,364
2013,5,15,364
2013,5,16,364
2013,5,17,364
2013,5,18,364
2013,5,19,364
2013,5,20,364
2013,5,21,364
2013,5,22,364
2013,5,23,364
2013,5,24,364
2013,6,1,363
2013,6,2,363
2013,6,3,363
2013,6,4,363
2013,6,5,363
2013,6,6,363
2013,6,7,363
2013,6,8,363
2013,6,9,363
2013,6,10,363
2013,6,11,363
2013,6,12,363
2013,6,13,363
2013,6,14,363
2013,6,15,363
2013,6,16,363
2013,6,17,363
2013,6,18,363
2013,6,19,363
2013,6,20,363
2013,6,21,363
2013,6,22,363
2013,6,23,363
2013,6,24,363
2013,6,25,363
2013,6,26,363
2013,6,27,363
2013,6,28,363
2013,7,1,364
2013,7,2,364
2013,7,3,364
2013,7,4,364
2013,7,5,364
2013,7,6,364
2013,7,7,364
2013,7,8,364
2013,7,9,364
2013,7,10,364
2013,7,11,364
2013,7,12,364
2013,7,13,364
2013,7,14,364
2013,7,15,364
2013,7,16,364
2013,7,17,364
2013,7,18,364
2013,7,19,364
2013,7,20,364
2013,7,21,364
2013,7,22,364
2013,7,23,364
2013,7,24,364
2013,7,25,364
2013,7,26,364
2013,7,27,364
2013,7,28,364
2013,7,29,364
2013,7,30,364
2013,7,31,364
2013,7,32,364
2013,8,1,250
2013,8,2,250
2013,8,3,250
2013,8,4,250
2013,8,5,250
2013,8,6,250
2013,8,7,250
2013,8,8,250
2013,8,9,250
2013,8,10,250
2013,8,11,250
2013,8,12,250
2013,8,13,250
2013,8,14,250
2013,8,15,250
2013,8,16,250
2013,9,1,272
2013,9,2,272
2013,9,3,272
2013,9,4,272
2013,9,5,272
2013,9,6,272
2013,9,7,272
2013,9,8,272
2013,9,9,272
2013,9,10,272
2013,9,11,272
2013,9,12,272
2013,10,1,140
2013,10,2,140
2013,10,3,140
2013,10,4,140
2013,10,5,140
2013,10,6,140
2013,10,7,140
2013,10,8,140
2013,10,9,140
2013,10,10,140
2013,10,11,140
2013,10,12,140
2013,12,1,364
2013,12,2,364
2013,12,3,364
2013,12,4,364
2013,12,5,364
2013,12,6,364
2013,12,7,364
2013,12,8,364
2013,12,9,364
2013,12,10,364
2013,12,11,364
2013,12,12,364
2013,12,13,364
2013,12,14,364
2013,12,15,364
2013,12,16,364
2013,12,17,364
2013,12,18,364
2013,12,19,364
2013,12,20,364
2013,12,21,364
2013,12,22,364
2013,12,23,364
2013,12,24,364
2013,12,25,364
2013,12,26,364
2013,12,27,364
2013,12,28,364
2013,12,29,364
2013,12,30,364
2013,12,31,364
2013,12,32,364
2013,12,33,364
2013,12,34,364
2013,12,35,364
2013,12,36,364
2013,12,37,364
2013,12,38,364
2013,12,39,364
2013,12,40,364
2013,12,41,364
2013,12,42,364
2013,12,43,364
2013,12,44,364
2013,12,45,364
2013,12,46,364
2013,12,47,364
2013,12,48,364
2013,13,1,364
2013,13,2,364
2013,13,3,175
2013,13,4,140
2013,13,5,140
2013,13,6,140
2013,13,7,140
2013,13,8,140
2013,13,9,140
2013,13,10,272
2013,13,11,200
2013,13,12,364
2013,13,13,364
2013,13,14,298
2013,13,15,364
2013,13,16,272
2013,13,17,272
2013,13,18,364
2013,13,19,364
2013,13,20,364
2013,13,21,364
2013,13,22,364
2013,13,23,364
2013,13,24,364
2013,13,25,364
2013,13,26,364
2013,13,27,364
2013,13,28,364
2013,13,29,364
2013,13,30,364
2013,13,31,364
2013,13,32,364
2013,13,33,364
2013,13,34,364
2013,13,35,364
2013,13,36,364
2013,13,37,364
2013,13,38,364
2013,13,39,364
2013,13,40,364
2013,13,41,364
2013,13,42,364
2013,13,43,364
2013,14,1,364
2013,14,2,364
2013,14,3,364
2013,14,4,364
2013,14,5,364
2013,14,6,364
2013,14,7,364
2013,14,8,364
2013,14,9,364
2013,14,10,364
2013,14,11,364
2013,14,12,364
2013,14,13,364
2013,14,14,364
2013,14,15,364
2013,15,1,364
2013,15,2,364
2013,15,3,364
2013,15,4,364
2013,15,5,364
2013,15,6,364
2013,16,1,364
2013,16,2,364
2013,16,3,364
2013,16,4,364
2013,16,5,364
2013,16,6,364
2013,16,7,364
2013,16,8,364
2013,16,9,364
2013,16,10,272
2013,16,11,364
2013,16,12,364
2013,16,13,364
2013,16,14,364
2013,16,15,364
2013,16,16,364
2013,16,17,364
2013,16,18,364
2013,16,19,364
2013,16,20,364
2013,16,21,364
2013,16,22,364
2013,17,1,364
2013,17,2,364
2013,17,3,364
2013,17,4,364
2013,17,5,364
2013,17,6,364
2013,17,7,364
2013,17,8,359
2013,17,9,364
2013,17,10,364
2013,17,11,364
2013,17,12,364
2013,17,13,364
2013,17,14,364
2013,17,15,364
2013,17,16,364
2013,17,17,364
2013,17,18,364
2013,17,19,364
2013,17,20,364
2013,17,21,364
2013,18,1,364
2013,18,2,364
2013,18,3,364
2013,18,4,364
2013,18,5,364
2013,18,6,364
2013,18,7,364
2013,18,8,364
2013,18,9,364
2013,18,10,364
2013,18,11,364
2013,19,1,364
2013,19,2,364
2013,19,3,364
2013,19,4,364
2013,19,5,364
2013,19,6,364
2013,19,7,364
2013,19,8,364
2013,19,9,364
2013,19,10,364
2013,19,11,364
2013,19,12,364
2013,20,1,364
2013,20,2,364
2013,20,3,364
2013,20,4,364
2013,20,5,364
2013,20,6,2
2013,20,7,2
2013,23,1,364
2013,23,2,364
2013,23,3,364
2013,23,4,364
2013,23,5,364
2013,23,6,364
2013,23,7,364
2013,23,8,364
2013,23,9,364
2013,23,10,364
2013,23,11,364
2013,24,1,364
2013,24,2,162
2013,24,3,162
2013,24,4,162
2013,24,5,364
2013,24,6,364
2013,24,7,364
2013,24,8,364
2013,24,9,364
2013,24,10,364
2013,24,11,364
2013,24,12,364
2013,24,13,364
2013,24,14,364
2013,25,1,364
2013,25,2,364
2013,25,3,364
2013,25,4,364
2013,25,5,364
2013,25,6,364
2013,25,7,364
2013,25,8,364
2013,25,9,364
2013,25,10,364
2013,25,11,364
2013,25,12,364
2013,25,13,364
2013,25,14,364
2013,25,15,364
2013,25,16,364
2013,26,1,364
2013,26,2,364
2013,26,3,364
2013,26,4,364
2013,26,5,364
2013,26,6,364
2013,26,7,364
2013,26,8,364
2013,26,9,364
2013,26,10,364
2013,26,11,364
2013,28,1,140
2013,28,2,140
2013,28,3,140
2013,28,4,140
2013,28,5,140
2013,28,6,140
2013,28,7,140
2013,28,8,140
2013,28,9,140
2013,28,10,140
2013,28,11,140
2013,28,12,140
2013,28,13,140
2013,28,14,140
2013,29,1,364
2013,29,2,364
2013,29,3,364
2013,29,4,364
2013,29,5,364
2013,29,6,364
2013,29,7,364
2013,29,8,364
2013,29,9,364
2013,29,10,364
2013,29,11,364
2013,29,12,364
2013,29,13,364
2013,29,14,364
2013,29,15,364
2013,29,16,364
2013,29,17,364
2014,1,1,364
2014,1,2,364
2014,1,3,364
2014,1,4,364
2014,1,5,307
2014,1,6,364
2014,1,7,364
2014,2,1,364
2014,2,2,364
2014,2,3,364
2014,2,4,364
2014,2,5,364
2014,2,6,364
2014,2,7,364
2014,2,8,364
2014,2,9,364
2014,2,10,364
2014,2,11,364
2014,2,12,364
2014,2,13,364
2014,2,14,364
2014,2,15,364
2014,2,16,364
2014,2,17,364
2014,2,18,364
2014,2,19,364
2014,2,31,364
2014,2,32,364
2014,2,33,364
2014,2,34,364
2014,2,35,364
2014,2,36,364
2014,2,37,364
2014,2,38,364
2014,2,39,364
2014,2,40,364
2014,2,41,364
2014,2,42,364
2014,2,43,364
2014,2,44,364
2014,2,45,364
2014,2,46,364
2014,2,47,364
2014,2,48,364
2014,2,49,364
2014,2,50,364
2014,2,51,364
2014,2,52,364
2014,2,53,364
2014,2,54,364
2014,2,55,364
2014,2,56,364
2014,2,57,364
2014,2,58,364
2014,2,59,364
2014,2,60,364
2014,2,61,364
2014,2,62,364
2014,2,63,364
2014,2,64,364
2014,2,65,364
2014,2,66,364
2014,2,67,364
2014,2,68,364
2014,2,69,364
2014,2,70,364
2014,2,71,364
2014,2,72,364
2014,2,73,364
2014,2,74,364
2014,2,75,364
2014,2,76,364
2014,2,77,364
2014,2,78,364
2014,2,79,364
2014,2,80,364
2014,2,81,364
2014,2,82,364
2014,2,83,364
2014,2,84,364
2014,2,85,364
2014,2,86,364
2014,2,87,364
2014,2,88,364
2014,2,89,364
2014,2,90,364
2014,2,91,364
2014,2,92,364
2014,2,93,364
2014,2,94,364
2014,2,95,364
2014,2,96,364
2014,2,97,364
2014,2,98,364
2014,2,99,364
2014,2,100,364
2014,3,1,364
2014,3,2,364
2014,3,3,364
2014,3,4,364
2014,3,5,364
2014,3,6,364
2014,3,7,364
2014,3,8,364
2014,3,9,364
2014,3,10,364
2014,3,11,364
2014,3,12,364
2014,3,13,364
2014,3,14,364
2014,3,15,364
2014,3,16,364
2014,3,17,364
2014,3,18,364
2014,4,1,364
2014,4,2,364
2014,4,3,364
2014,4,4,364
2014,4,5,364
2014,4,6,364
2014,4,7,364
2014,4,8,364
2014,4,9,364
2014,4,10,364
2014,4,11,364
2014,4,12,364
2014,4,13,364
2014,4,14,364
2014,4,15,364
2014,5,1,364
2014,5,2,364
2014,5,3,364
2014,5,4,364
2014,5,5,364
2014,5,6,364
2014,5,7,364
2014,5,8,364
2014,5,9,364
2014,5,10,364
2014,5,11,364
2014,5,12,364
2014,5,13,364
2014,5,14,364
2014,5,15,364
2014,5,16,364
2014,5,17,364
2014,5,18,364
2014,5,19,364
2014,5,20,364
2014,5,21,364
2014,5,22,364
2014,5,23,364
2014,5,24,364
2014,6,1,364
2014,6,2,364
2014,6,3,364
2014,6,4,364
2014,6,5,364
2014,6,6,364
2014,6,7,364
2014,6,8,364
2014,6,9,364
2014,6,10,364
2014,6,11,364
2014,6,12,364
2014,6,13,364
2014,6,14,364
2014,6,15,364
2014,6,16,364
2014,6,17,364
2014,6,18,364
2014,6,19,364
2014,6,20,364
2014,6,21,364
2014,6,22,364
2014,6,23,364
2014,6,24,364
2014,6,25,364
2014,6,26,364
2014,6,27,364
2014,6,28,364
2014,7,1,364
2014,7,2,364
2014,7,3,364
2014,7,4,364
2014,7,5,364
2014,7,6,364
2014,7,7,364
2014,7,8,364
2014,7,9,364
2014,7,10,364
2014,7,11,364
2014,7,12,338
2014,7,13,364
2014,7,14,364
2014,7,15,364
2014,7,16,364
2014,7,17,364
2014,7,18,364
2014,7,19,364
2014,7,20,364
2014,7,21,364
2014,7,22,364
2014,7,23,364
2014,7,24,364
2014,7,25,364
2014,7,26,364
2014,7,27,364
2014,7,28,364
2014,7,29,364
2014,7,30,364
2014,7,31,364
2014,7,32,364
2014,8,1,30
2014,8,2,30
2014,8,3,30
2014,8,4,30
2014,8,5,30
2014,8,6,30
2014,8,7,30
2014,8,8,30
2014,8,9,30
2014,8,10,30
2014,8,11,30
2014,8,12,30
2014,8,13,30
2014,8,14,30
2014,8,15,30
2014,8,16,30
2014,10,1,13
2014,10,2,13
2014,10,3,13
2014,10,4,13
2014,10,5,13
2014,10,6,13
2014,10,7,13
2014,10,8,13
2014,10,9,13
2014,10,10,13
2014,10,11,13
2014,10,12,13
2014,11,1,13
2014,11,2,13
2014,11,3,13
2014,11,4,13
2014,11,5,13
2014,11,6,13
2014,11,7,13
2014,11,8,13
2014,11,9,13
2014,11,10,13
2014,12,1,364
2014,12,2,364
2014,12,3,364
2014,12,4,364
2014,12,5,364
2014,12,6,357
2014,12,7,364
2014,12,8,364
2014,12,9,354
2014,12,10,364
2014,12,11,364
2014,12,12,364
2014,12,13,364
2014,12,14,364
2014,12,15,364
2014,12,16,364
2014,12,17,364
2014,12,18,364
2014,12,19,364
2014,12,20,364
2014,12,21,364
2014,12,22,364
2014,12,23,364
2014,12,24,364
2014,12,25,364
2014,12,26,357
2014,12,27,364
2014,12,28,364
2014,12,29,364
2014,12,30,364
2014,12,31,364
2014,12,32,364
2014,12,33,364
2014,12,34,364
2014,12,35,364
2014,12,36,364
2014,12,37,364
2014,12,38,364
2014,12,39,364
2014,12,40,364
2014,12,41,364
2014,12,42,364
2014,12,43,364
2014,12,44,364
2014,12,45,364
2014,12,46,364
2014,12,47,364
2014,12,48,364
2014,13,1,364
2014,13,2,364
2014,13,3,29
2014,13,4,29
2014,13,5,29
2014,13,6,29
2014,13,7,29
2014,13,8,29
2014,13,9,29
2014,13,10,29
2014,13,11,29
2014,13,12,364
2014,13,13,364
2014,13,14,364
2014,13,15,68
2014,13,16,6
2014,13,18,364
2014,13,19,364
2014,13,20,364
2014,13,21,364
2014,13,22,364
2014,13,23,364
2014,13,24,364
2014,13,25,364
2014,13,26,364
2014,13,27,364
2014,13,28,364
2014,13,29,364
2014,13,30,364
2014,13,31,364
2014,13,32,364
2014,13,33,364
2014,13,34,364
2014,13,35,364
2014,13,36,364
2014,13,37,364
2014,13,38,364
2014,13,39,364
2014,13,40,364
2014,13,41,364
2014,13,42,364
2014,13,43,364
2014,14,1,364
2014,14,2,364
2014,14,3,364
2014,14,4,364
2014,14,5,229
2014,14,6,364
2014,14,7,364
2014,14,8,257
2014,14,9,364
2014,14,10,364
2014,14,11,364
2014,14,12,364
2014,14,13,364
2014,14,14,364
2014,14,15,230
2014,15,1,364
2014,15,2,364
2014,15,3,364
2014,15,4,364
2014,15,5,364
2014,15,6,364
2014,16,1,364
2014,16,2,364
2014,16,3,364
2014,16,4,364
2014,16,5,50
2014,16,6,50
2014,16,7,50
2014,16,8,50
2014,16,9,50
2014,16,10,323
2014,16,11,364
2014,16,12,50
2014,16,13,7
2014,16,14,260
2014,16,15,260
2014,16,16,364
2014,16,17,361
2014,16,18,364
2014,16,19,364
2014,16,20,364
2014,16,21,364
2014,16,22,364
2014,17,1,364
2014,17,2,364
2014,17,3,364
2014,17,4,364
2014,17,5,364
2014,17,6,364
2014,17,7,364
2014,17,8,364
2014,17,9,364
2014,17,10,364
2014,17,11,364
2014,17,12,364
2014,17,13,364
2014,17,14,364
2014,17,15,364
2014,17,16,364
2014,17,17,364
2014,17,18,364
2014,17,19,364
2014,17,20,364
2014,17,21,364
2014,18,1,364
2014,18,2,364
2014,18,3,364
2014,18,4,364
2014,18,5,364
2014,18,6,364
2014,18,7,364
2014,18,8,364
2014,18,9,364
2014,18,10,364
2014,18,11,364
2014,19,1,364
2014,19,2,364
2014,19,3,364
2014,19,4,364
2014,19,5,364
2014,19,6,364
2014,19,7,364
2014,19,8,364
2014,19,9,364
2014,19,10,364
2014,19,11,364
2014,19,12,364
2014,20,1,119
2014,20,2,119
2014,20,3,119
2014,20,4,154
2014,20,5,119
2014,20,6,14
2014,20,7,14
2014,21,0,13
2014,22,0,13
2014,23,1,364
2014,23,2,364
2014,23,3,329
2014,23,4,329
2014,23,5,343
2014,23,6,319
2014,23,7,364
2014,23,8,364
2014,23,9,364
2014,23,10,364
2014,23,11,364
2014,24,1,363
2014,24,2,363
2014,24,3,363
2014,24,4,363
2014,24,5,363
2014,24,6,363
2014,24,7,363
2014,24,8,364
2014,24,9,361
2014,24,10,363
2014,24,11,364
2014,24,12,363
2014,24,13,363
2014,24,14,363
2014,25,1,364
2014,25,2,364
2014,25,3,364
2014,25,4,364
2014,25,5,364
2014,25,6,364
2014,25,7,364
2014,25,8,364
2014,25,9,364
2014,25,10,364
2014,25,11,364
2014,25,12,364
2014,25,13,364
2014,25,14,364
2014,25,15,341
2014,25,16,364
2014,26,1,364
2014,26,2,341
2014,26,3,341
2014,26,4,341
2014,26,5,341
2014,26,6,364
2014,26,7,341
2014,26,8,341
2014,26,9,341
2014,26,10,341
2014,26,11,341
2014,27,1,364
2014,27,2,364
2014,27,3,364
2014,27,4,364
2014,27,5,364
2014,27,6,364
2014,27,7,364
2014,27,8,27
2014,27,9,364
2014,27,10,364
2014,27,11,364
2014,28,1,27
2014,28,2,27
2014,28,3,27
2014,28,4,27
2014,28,5,27
2014,28,6,27
2014,28,7,27
2014,28,8,27
2014,28,9,27
2014,28,10,167
2014,28,11,27
2014,28,12,27
2014,28,13,27
2014,28,14,27
2014,29,1,364
2014,29,2,364
2014,29,3,364
2014,29,4,364
2014,29,5,364
2014,29,6,364
2014,29,7,364
2014,29,8,364
2014,29,9,364
2014,29,10,364
2014,29,11,364
2014,29,12,364
2014,29,13,364
2014,29,14,364
2014,29,15,364
2014,29,16,364
2014,29,17,364
2014,106,1,223
2014,106,2,223
2014,111,0,13
2014,121,1,13
2014,121,2,13
2014,121,3,13
2014,130,1,141
2014,130,2,141
2014,130,3,141
2014,142,1,141
2014,142,2,141
2015,1,1,364
2015,1,2,364
2015,1,3,364
2015,1,4,364
2015,1,5,288
2015,1,6,364
2015,1,7,364
2015,2,1,364
2015,2,2,364
2015,2,3,364
2015,2,4,364
2015,2,5,364
2015,2,6,364
2015,2,7,364
2015,2,8,364
2015,2,9,364
2015,2,10,364
2015,2,11,364
2015,2,12,364
2015,2,13,364
2015,2,14,364
2015,2,15,364
2015,2,16,364
2015,2,17,364
2015,2,18,364
2015,2,19,364
2015,2,31,364
2015,2,32,364
2015,2,33,364
2015,2,34,364
2015,2,35,364
2015,2,36,364
2015,2,37,364
2015,2,38,364
2015,2,39,364
2015,2,40,364
2015,2,41,364
2015,2,42,364
2015,2,43,364
2015,2,44,364
2015,2,45,364
2015,2,46,364
2015,2,47,364
2015,2,48,364
2015,2,49,364
2015,2,50,364
2015,2,51,364
2015,2,52,364
2015,2,53,364
2015,2,54,364
2015,2,55,364
2015,2,56,364
2015,2,57,364
2015,2,58,364
2015,2,59,364
2015,2,60,364
2015,2,61,364
2015,2,62,364
2015,2,63,364
2015,2,64,364
2015,2,65,364
2015,2,66,364
2015,2,67,364
2015,2,68,364
2015,2,69,364
2015,2,70,364
2015,2,71,364
2015,2,72,364
2015,2,73,364
2015,2,74,364
2015,2,75,364
2015,2,76,364
2015,2,77,364
2015,2,78,364
2015,2,79,364
2015,2,80,364
2015,2,81,364
2015,2,82,364
2015,2,83,364
2015,2,84,364
2015,2,85,364
2015,2,86,364
2015,2,87,364
2015,2,88,364
2015,2,89,364
2015,2,90,364
2015,2,91,364
2015,2,92,364
2015,2,93,364
2015,2,94,364
2015,2,95,364
2015,2,96,364
2015,2,97,364
2015,2,98,364
2015,2,99,364
2015,2,100,364
2015,3,1,364
2015,3,2,364
2015,3,3,364
2015,3,4,364
2015,3,5,364
2015,3,6,364
2015,3,7,364
2015,3,8,364
2015,3,9,364
2015,3,10,364
2015,3,11,364
2015,3,12,364
2015,3,13,364
2015,3,14,364
2015,3,15,364
2015,3,16,364
2015,3,17,364
2015,3,18,364
2015,4,1,364
2015,4,2,358
2015,4,3,358
2015,4,4,358
2015,4,5,362
2015,4,6,358
2015,4,7,358
2015,4,8,358
2015,4,9,364
2015,4,10,358
2015,4,11,358
2015,4,12,358
2015,4,13,358
2015,4,14,358
2015,4,15,358
2015,5,1,168
2015,5,2,168
2015,5,3,179
2015,5,4,179
2015,5,5,179
2015,5,6,168
2015,5,7,168
2015,5,8,168
2015,5,9,168
2015,5,10,168
2015,5,11,168
2015,5,12,168
2015,5,13,168
2015,5,14,168
2015,5,15,168
2015,5,16,168
2015,5,17,168
2015,5,18,168
2015,5,19,168
2015,5,20,168
2015,5,21,168
2015,5,22,168
2015,5,23,168
2015,5,24,168
2015,6,1,364
2015,6,2,364
2015,6,3,364
2015,6,4,364
2015,6,5,364
2015,6,6,364
2015,6,7,364
2015,6,8,364
2015,6,9,364
2015,6,10,364
2015,6,11,364
2015,6,12,364
2015,6,13,364
2015,6,14,364
2015,6,15,364
2015,6,16,364
2015,6,17,364
2015,6,18,364
2015,6,19,364
2015,6,20,364
2015,6,21,364
2015,6,22,364
2015,6,23,364
2015,6,24,364
2015,6,25,364
2015,6,26,364
2015,6,27,364
2015,6,28,364
2015,7,1,360
2015,7,2,360
2015,7,3,360
2015,7,4,360
2015,7,5,360
2015,7,6,360
2015,7,7,360
2015,7,8,360
2015,7,9,360
2015,7,10,360
2015,7,11,360
2015,7,12,360
2015,7,13,360
2015,7,14,360
2015,7,15,360
2015,7,16,360
2015,7,17,360
2015,7,18,360
2015,7,19,360
2015,7,20,360
2015,7,21,360
2015,7,22,360
2015,7,23,360
2015,7,24,360
2015,7,25,360
2015,7,26,360
2015,7,27,360
2015,7,28,360
2015,7,29,360
2015,7,30,360
2015,7,31,360
2015,7,32,360
2015,8,1,142
2015,8,2,142
2015,8,3,142
2015,8,4,142
2015,8,5,142
2015,8,6,142
2015,8,7,133
2015,8,8,142
2015,8,9,142
2015,8,10,142
2015,8,11,142
2015,8,12,142
2015,8,13,142
2015,8,14,142
2015,8,15,142
2015,8,16,142
2015,9,1,133
2015,9,2,133
2015,9,3,133
2015,9,4,133
2015,9,5,133
2015,9,6,133
2015,9,7,133
2015,9,8,133
2015,9,9,133
2015,9,10,133
2015,9,11,133
2015,9,12,133
2015,10,1,133
2015,10,2,133
2015,10,3,133
2015,10,4,133
2015,10,5,133
2015,10,6,133
2015,10,7,133
2015,10,8,133
2015,10,9,133
2015,10,10,133
2015,10,11,133
2015,10,12,133
2015,11,1,0
2015,11,2,0
2015,11,3,0
2015,11,4,0
2015,11,5,0
2015,11,6,0
2015,11,7,0
2015,11,8,0
2015,11,9,0
2015,11,10,0
2015,12,1,363
2015,12,2,363
2015,12,3,363
2015,12,4,363
2015,12,5,363
2015,12,6,363
2015,12,7,363
2015,12,8,363
2015,12,9,363
2015,12,10,363
2015,12,11,363
2015,12,12,363
2015,12,13,363
2015,12,14,363
2015,12,15,363
2015,12,16,363
2015,12,17,363
2015,12,18,363
2015,12,19,363
2015,12,20,363
2015,12,21,363
2015,12,22,363
2015,12,23,363
2015,12,24,363
2015,12,25,363
2015,12,26,363
2015,12,27,363
2015,12,28,363
2015,12,29,363
2015,12,30,363
2015,12,31,363
2015,12,32,363
2015,12,33,363
2015,12,34,363
2015,12,35,363
2015,12,36,363
2015,12,37,363
2015,12,38,363
2015,12,39,363
2015,12,40,363
2015,12,41,363
2015,12,42,363
2015,12,43,363
2015,12,44,363
2015,12,45,363
2015,12,46,363
2015,12,47,363
2015,12,48,363
2015,13,1,364
2015,13,2,364
2015,13,3,356
2015,13,4,356
2015,13,5,356
2015,13,6,356
2015,13,7,356
2015,13,8,356
2015,13,9,356
2015,13,10,356
2015,13,11,356
2015,13,12,364
2015,13,13,364
2015,13,14,364
2015,13,15,203
2015,13,16,225
2015,13,17,343
2015,13,18,364
2015,13,19,364
2015,13,20,364
2015,13,21,364
2015,13,22,364
2015,13,23,364
2015,13,24,364
2015,13,25,364
2015,13,26,364
2015,13,27,364
2015,13,28,364
2015,13,29,364
2015,13,30,364
2015,13,31,364
2015,13,32,364
2015,13,33,364
2015,13,34,364
2015,13,35,364
2015,13,36,364
2015,13,37,364
2015,13,38,364
2015,13,39,364
2015,13,40,364
2015,13,41,364
2015,13,42,364
2015,13,43,364
2015,14,1,364
2015,14,2,364
2015,14,3,364
2015,14,4,364
2015,14,5,364
2015,14,6,364
2015,14,7,364
2015,14,8,364
2015,14,9,364
2015,14,10,364
2015,14,11,364
2015,14,12,364
2015,14,13,364
2015,14,14,364
2015,14,15,351
2015,15,1,364
2015,15,2,364
2015,15,3,364
2015,15,4,208
2015,15,5,200
2015,15,6,364
2015,16,1,364
2015,16,2,364
2015,16,3,364
2015,16,4,364
2015,16,5,364
2015,16,6,364
2015,16,7,364
2015,16,8,364
2015,16,9,281
2015,16,10,352
2015,16,11,352
2015,16,12,281
2015,16,13,281
2015,16,14,364
2015,16,15,364
2015,16,16,352
2015,16,17,351
2015,16,18,352
2015,16,19,364
2015,16,20,352
2015,16,21,352
2015,16,22,364
2015,17,1,364
2015,17,2,364
2015,17,3,364
2015,17,4,364
2015,17,5,364
2015,17,6,364
2015,17,7,364
2015,17,8,364
2015,17,9,364
2015,17,10,364
2015,17,11,364
2015,17,12,364
2015,17,13,364
2015,17,14,364
2015,17,15,364
2015,17,16,364
2015,17,17,364
2015,17,18,364
2015,17,19,364
2015,17,20,364
2015,17,21,364
2015,18,1,364
2015,18,2,364
2015,18,3,364
2015,18,4,364
2015,18,5,364
2015,18,6,364
2015,18,7,364
2015,18,8,364
2015,18,9,364
2015,18,10,364
2015,18,11,364
2015,19,1,364
2015,19,2,364
2015,19,3,364
2015,19,4,364
2015,19,5,364
2015,19,6,364
2015,19,7,364
2015,19,8,364
2015,19,9,364
2015,19,10,364
2015,19,11,364
2015,19,12,364
2015,20,5,14
2015,20,6,28
2015,20,7,28
2015,21,0,0
2015,22,0,0
2015,23,1,364
2015,23,2,364
2015,23,3,347
2015,23,4,356
2015,23,5,348
2015,23,6,347
2015,23,7,364
2015,23,8,364
2015,23,9,357
2015,23,10,357
2015,23,11,364
2015,24,1,364
2015,24,2,364
2015,24,3,364
2015,24,4,364
2015,24,5,364
2015,24,6,361
2015,24,7,364
2015,24,8,364
2015,24,9,359
2015,24,10,364
2015,24,11,364
2015,24,12,364
2015,24,13,364
2015,24,14,364
2015,25,1,364
2015,25,2,364
2015,25,3,364
2015,25,4,364
2015,25,5,364
2015,25,6,363
2015,25,7,364
2015,25,8,272
2015,25,9,272
2015,25,10,272
2015,25,11,364
2015,25,12,364
2015,25,13,287
2015,25,14,272
2015,25,15,338
2015,25,16,272
2015,26,1,315
2015,26,2,315
2015,26,3,279
2015,26,4,315
2015,26,5,315
2015,26,6,315
2015,26,7,315
2015,26,8,315
2015,26,9,315
2015,26,10,315
2015,26,11,315
2015,27,1,364
2015,27,2,364
2015,27,3,364
2015,27,4,364
2015,27,5,364
2015,27,6,364
2015,27,7,364
2015,27,8,364
2015,27,9,364
2015,27,10,364
2015,27,11,364
2015,28,1,133
2015,28,2,133
2015,28,3,133
2015,28,4,133
2015,28,5,133
2015,28,6,133
2015,28,7,133
2015,28,8,133
2015,28,9,133
2015,28,10,133
2015,28,11,133
2015,28,12,133
2015,28,13,133
2015,28,14,133
2015,29,1,364
2015,29,2,364
2015,29,3,364
2015,29,4,364
2015,29,5,364
2015,29,6,364
2015,29,7,364
2015,29,8,364
2015,29,9,364
2015,29,10,364
2015,29,11,364
2015,29,12,364
2015,29,13,364
2015,29,14,364
2015,29,15,364
2015,29,16,364
2015,29,17,364
2015,101,1,39
2015,101,2,25
2015,101,3,25
2015,101,4,25
2015,101,5,25
2015,101,6,25
2015,101,7,25
2015,101,8,25
2015,101,9,25
2015,101,10,25
2015,106,1,6
2015,106,2,6
2015,111,0,0
2015,121,1,0
2015,121,2,0
2015,121,3,0
2015,130,1,253
2015,130,2,253
2015,130,3,253
2015,142,1,239
2015,142,2,239
2016,1,1,119
2016,1,2,119
2016,1,3,119
2016,1,4,119
2016,1,5,28
2016,1,6,119
2016,1,7,119
2016,2,1,212
2016,2,2,212
2016,2,3,212
2016,2,4,212
2016,2,5,212
2016,2,6,212
2016,2,7,212
2016,2,8,212
2016,2,9,212
2016,2,10,212
2016,2,11,212
2016,2,12,212
2016,2,13,212
2016,2,14,212
2016,2,15,212
2016,2,16,212
2016,2,17,212
2016,2,18,212
2016,2,19,212
2016,2,31,212
2016,2,32,212
2016,2,33,212
2016,2,34,212
2016,2,35,212
2016,2,36,212
2016,2,37,212
2016,2,38,212
2016,2,39,212
2016,2,40,212
2016,2,41,212
2016,2,42,212
2016,2,43,212
2016,2,44,212
2016,2,45,212
2016,2,46,212
2016,2,47,212
2016,2,48,212
2016,2,49,212
2016,2,50,212
2016,2,51,212
2016,2,52,212
2016,2,53,212
2016,2,54,212
2016,2,55,212
2016,2,56,212
2016,2,57,212
2016,2,58,212
2016,2,59,212
2016,2,60,212
2016,2,61,212
2016,2,62,212
2016,2,63,212
2016,2,64,212
2016,2,65,212
2016,2,66,212
2016,2,67,212
2016,2,68,212
2016,2,69,212
2016,2,70,212
2016,2,71,212
2016,2,72,212
2016,2,73,212
2016,2,74,212
2016,2,75,212
2016,2,76,212
2016,2,77,212
2016,2,78,212
2016,2,79,212
2016,2,80,212
2016,2,81,212
2016,2,82,212
2016,2,83,212
2016,2,84,212
2016,2,85,212
2016,2,86,212
2016,2,87,212
2016,2,88,212
2016,2,89,212
2016,2,90,212
2016,2,91,212
2016,2,92,212
2016,2,93,212
2016,2,94,212
2016,2,95,212
2016,2,96,212
2016,2,97,212
2016,2,98,212
2016,2,99,212
2016,2,100,212
2016,3,1,21
2016,3,2,21
2016,3,3,21
2016,3,4,21
2016,3,5,21
2016,3,6,21
2016,3,7,21
2016,3,8,21
2016,3,9,21
2016,3,10,21
2016,3,11,21
2016,3,12,21
2016,3,13,21
2016,3,14,21
2016,3,15,21
2016,3,16,21
2016,3,17,21
2016,3,18,21
2016,4,1,27
2016,4,2,27
2016,4,3,27
2016,4,4,27
2016,4,5,27
2016,4,6,27
2016,4,7,27
2016,4,8,27
2016,4,9,70
2016,4,10,27
2016,4,11,27
2016,4,12,27
2016,4,13,27
2016,4,14,27
2016,4,15,27
2016,6,1,41
2016,6,2,41
2016,6,3,41
2016,6,4,41
2016,6,5,41
2016,6,6,41
2016,6,7,41
2016,6,8,41
2016,6,9,41
2016,6,10,41
2016,6,11,41
2016,6,12,41
2016,6,13,41
2016,6,14,41
2016,6,15,41
2016,6,16,41
2016,6,17,41
2016,6,18,41
2016,6,19,41
2016,6,20,41
2016,6,21,41
2016,6,22,41
2016,6,23,41
2016,6,24,41
2016,6,25,41
2016,6,26,41
2016,6,27,41
2016,6,28,41
2016,7,1,18
2016,7,2,18
2016,7,3,18
2016,7,4,18
2016,7,5,18
2016,7,6,18
2016,7,7,18
2016,7,8,18
2016,7,9,18
2016,7,10,18
2016,7,11,18
2016,7,12,18
2016,7,13,18
2016,7,14,18
2016,7,15,18
2016,7,16,18
2016,7,17,18
2016,7,18,18
2016,7,19,18
2016,7,20,18
2016,7,21,18
2016,7,22,18
2016,7,23,18
2016,7,24,18
2016,7,25,18
2016,7,26,18
2016,7,27,18
2016,7,28,18
2016,7,29,18
2016,7,30,18
2016,7,31,18
2016,7,32,18
2016,12,1,28
2016,12,2,28
2016,12,3,28
2016,12,4,28
2016,12,5,28
2016,12,6,28
2016,12,7,28
2016,12,8,28
2016,12,9,28
2016,12,10,28
2016,12,11,28
2016,12,12,28
2016,12,13,28
2016,12,14,28
2016,12,15,28
2016,12,16,28
2016,12,17,28
2016,12,18,28
2016,12,19,28
2016,12,20,28
2016,12,21,28
2016,12,22,28
2016,12,23,28
2016,12,24,28
2016,12,25,28
2016,12,26,28
2016,12,27,28
2016,12,28,28
2016,12,29,28
2016,12,30,28
2016,12,31,28
2016,12,32,28
2016,12,33,28
2016,12,34,28
2016,12,35,28
2016,12,36,28
2016,12,37,28
2016,12,38,28
2016,12,39,28
2016,12,40,28
2016,12,41,28
2016,12,42,28
2016,12,43,28
2016,12,44,28
2016,12,45,28
2016,12,46,28
2016,12,47,28
2016,12,48,28
2016,13,1,7
2016,13,2,110
2016,13,3,110
2016,13,4,110
2016,13,5,110
2016,13,6,110
2016,13,7,110
2016,13,8,110
2016,13,9,110
2016,13,10,110
2016,13,11,110
2016,13,12,110
2016,13,13,110
2016,13,14,110
2016,13,15,24
2016,13,16,24
2016,13,17,24
2016,13,18,110
2016,13,19,110
2016,13,20,110
2016,13,21,110
2016,13,22,110
2016,13,23,110
2016,13,24,110
2016,13,25,110
2016,13,26,110
2016,13,27,110
2016,13,28,110
2016,13,29,110
2016,13,30,110
2016,13,31,110
2016,13,32,110
2016,13,33,110
2016,13,34,110
2016,13,35,110
2016,13,36,110
2016,13,37,110
2016,13,38,110
2016,13,39,110
2016,13,40,110
2016,13,41,110
2016,13,42,110
2016,13,43,110
2016,14,1,110
2016,14,2,110
2016,14,3,110
2016,14,4,110
2016,14,5,212
2016,14,6,91
2016,14,7,91
2016,14,8,212
2016,14,9,212
2016,14,10,91
2016,14,11,91
2016,14,12,212
2016,14,13,110
2016,14,14,212
2016,14,15,212
2016,15,1,91
2016,15,2,91
2016,15,3,91
2016,15,4,3
2016,15,5,3
2016,15,6,91
2016,16,1,212
2016,16,2,212
2016,16,3,5
2016,16,4,5
2016,16,5,5
2016,16,6,5
2016,16,7,5
2016,16,8,5
2016,16,10,5
2016,16,11,5
2016,16,14,5
2016,16,15,5
2016,16,16,5
2016,16,17,226
2016,16,18,5
2016,16,19,5
2016,16,20,5
2016,16,21,5
2016,16,22,5
2016,17,1,101
2016,17,2,101
2016,17,3,101
2016,17,4,101
2016,17,5,101
2016,17,6,101
2016,17,7,101
2016,17,8,101
2016,17,9,101
2016,17,10,91
2016,17,11,101
2016,17,12,91
2016,17,13,91
2016,17,14,91
2016,17,15,91
2016,17,16,91
2016,17,17,101
2016,17,18,101
2016,17,19,101
2016,17,20,101
2016,17,21,101
2016,18,1,7
2016,18,2,7
2016,18,3,7
2016,18,4,7
2016,18,5,7
2016,18,6,7
2016,18,7,7
2016,18,8,7
2016,18,9,7
2016,18,10,7
2016,18,11,7
2016,19,1,48
2016,19,2,48
2016,19,3,48
2016,19,4,48
2016,19,5,48
2016,19,6,48
2016,19,7,48
2016,19,8,48
2016,19,9,48
2016,19,10,48
2016,19,11,48
2016,19,12,48
2016,23,1,91
2016,23,2,91
2016,23,3,91
2016,23,4,91
2016,23,5,91
2016,23,6,91
2016,23,7,91
2016,23,8,91
2016,23,9,91
2016,23,10,7
2016,23,11,91
2016,24,1,6
2016,24,2,6
2016,24,3,6
2016,24,4,6
2016,24,5,6
2016,24,6,6
2016,24,7,6
2016,24,8,6
2016,24,9,35
2016,24,10,6
2016,24,11,6
2016,24,12,6
2016,24,13,6
2016,24,14,6
2016,25,1,7
2016,25,2,7
2016,25,3,7
2016,25,4,7
2016,25,5,7
2016,25,6,7
2016,25,7,7
2016,25,11,7
2016,25,12,212
2016,25,15,7
2016,27,1,77
2016,27,2,77
2016,27,3,77
2016,27,4,77
2016,27,5,77
2016,27,6,77
2016,27,7,77
2016,27,8,77
2016,27,9,77
2016,27,10,77
2016,27,11,88
2016,29,1,42
2016,29,2,42
2016,29,3,42
2016,29,4,42
2016,29,5,42
2016,29,6,42
2016,29,7,42
2016,29,8,42
2016,29,9,42
2016,29,10,42
2016,29,11,42
2016,29,12,42
2016,29,13,42
2016,29,14,42
2016,29,15,42
2016,29,16,42
2016,29,17,42
